fit_model_type,model_parameter,subject,bootstrap_num,fit_value
full_donut_period-full_amps-absolute,abs_amplitude_cardinals,all,0,0.03310194782810372
full_donut_period-full_amps-absolute,abs_amplitude_cardinals,all,1,0.04852350871940074
full_donut_period-full_amps-absolute,abs_amplitude_cardinals,all,2,0.04381533906134058
full_donut_period-full_amps-absolute,abs_amplitude_cardinals,all,3,0.05291563796233098
full_donut_period-full_amps-absolute,abs_amplitude_cardinals,all,4,0.042614425061456684
full_donut_period-full_amps-absolute,abs_amplitude_cardinals,all,5,0.04269482701083751
full_donut_period-full_amps-absolute,abs_amplitude_cardinals,all,6,0.028027935135823544
full_donut_period-full_amps-absolute,abs_amplitude_cardinals,all,7,0.04126307158552673
full_donut_period-full_amps-absolute,abs_amplitude_cardinals,all,8,0.02296483490059568
full_donut_period-full_amps-absolute,abs_amplitude_cardinals,all,9,0.04260322710162065
full_donut_period-full_amps-absolute,abs_amplitude_cardinals,all,10,0.057421448902948424
full_donut_period-full_amps-absolute,abs_amplitude_cardinals,all,11,0.02093068801677133
full_donut_period-full_amps-absolute,abs_amplitude_cardinals,all,12,0.03738567354896213
full_donut_period-full_amps-absolute,abs_amplitude_cardinals,all,13,0.043026542322762304
full_donut_period-full_amps-absolute,abs_amplitude_cardinals,all,14,0.035380582780692185
full_donut_period-full_amps-absolute,abs_amplitude_cardinals,all,15,0.042391017352196636
full_donut_period-full_amps-absolute,abs_amplitude_cardinals,all,16,0.04447118656655605
full_donut_period-full_amps-absolute,abs_amplitude_cardinals,all,17,0.04385403066197514
full_donut_period-full_amps-absolute,abs_amplitude_cardinals,all,18,0.04707278591841041
full_donut_period-full_amps-absolute,abs_amplitude_cardinals,all,19,0.038588132583801615
full_donut_period-full_amps-absolute,abs_amplitude_cardinals,all,20,0.055825438880376665
full_donut_period-full_amps-absolute,abs_amplitude_cardinals,all,21,0.039691343649657984
full_donut_period-full_amps-absolute,abs_amplitude_cardinals,all,22,0.0535445239496621
full_donut_period-full_amps-absolute,abs_amplitude_cardinals,all,23,0.04474225401141299
full_donut_period-full_amps-absolute,abs_amplitude_cardinals,all,24,0.03265803086030425
full_donut_period-full_amps-absolute,abs_amplitude_cardinals,all,25,0.052251110981188516
full_donut_period-full_amps-absolute,abs_amplitude_cardinals,all,26,0.021576344878826703
full_donut_period-full_amps-absolute,abs_amplitude_cardinals,all,27,0.03822157095205708
full_donut_period-full_amps-absolute,abs_amplitude_cardinals,all,28,0.035777631090155214
full_donut_period-full_amps-absolute,abs_amplitude_cardinals,all,29,0.030825178251850518
full_donut_period-full_amps-absolute,abs_amplitude_cardinals,all,30,0.03990307391161424
full_donut_period-full_amps-absolute,abs_amplitude_cardinals,all,31,0.03650706538995825
full_donut_period-full_amps-absolute,abs_amplitude_cardinals,all,32,0.059325966398448574
full_donut_period-full_amps-absolute,abs_amplitude_cardinals,all,33,0.04929426618969174
full_donut_period-full_amps-absolute,abs_amplitude_cardinals,all,34,0.04396060296269952
full_donut_period-full_amps-absolute,abs_amplitude_cardinals,all,35,0.043041628492608425
full_donut_period-full_amps-absolute,abs_amplitude_cardinals,all,36,0.03663233732166896
full_donut_period-full_amps-absolute,abs_amplitude_cardinals,all,37,0.050226788035248215
full_donut_period-full_amps-absolute,abs_amplitude_cardinals,all,38,0.040031662822843775
full_donut_period-full_amps-absolute,abs_amplitude_cardinals,all,39,0.040828481348169986
full_donut_period-full_amps-absolute,abs_amplitude_cardinals,all,40,0.046608080140307685
full_donut_period-full_amps-absolute,abs_amplitude_cardinals,all,41,0.04310358008541832
full_donut_period-full_amps-absolute,abs_amplitude_cardinals,all,42,0.019702918769279033
full_donut_period-full_amps-absolute,abs_amplitude_cardinals,all,43,0.039609300383175734
full_donut_period-full_amps-absolute,abs_amplitude_cardinals,all,44,0.03164146239930582
full_donut_period-full_amps-absolute,abs_amplitude_cardinals,all,45,0.03858989335109439
full_donut_period-full_amps-absolute,abs_amplitude_cardinals,all,46,0.04064320243826813
full_donut_period-full_amps-absolute,abs_amplitude_cardinals,all,47,0.04315025870052898
full_donut_period-full_amps-absolute,abs_amplitude_cardinals,all,48,0.04049327355777002
full_donut_period-full_amps-absolute,abs_amplitude_cardinals,all,49,0.04468195147381305
full_donut_period-full_amps-absolute,abs_amplitude_cardinals,all,50,0.043339862839917816
full_donut_period-full_amps-absolute,abs_amplitude_cardinals,all,51,0.03677758357860025
full_donut_period-full_amps-absolute,abs_amplitude_cardinals,all,52,0.0396307632704228
full_donut_period-full_amps-absolute,abs_amplitude_cardinals,all,53,0.039303332720179884
full_donut_period-full_amps-absolute,abs_amplitude_cardinals,all,54,0.0402769181702919
full_donut_period-full_amps-absolute,abs_amplitude_cardinals,all,55,0.04403813600485503
full_donut_period-full_amps-absolute,abs_amplitude_cardinals,all,56,0.04589335139154772
full_donut_period-full_amps-absolute,abs_amplitude_cardinals,all,57,0.036578430262042924
full_donut_period-full_amps-absolute,abs_amplitude_cardinals,all,58,0.04253571398763055
full_donut_period-full_amps-absolute,abs_amplitude_cardinals,all,59,0.037132168029744235
full_donut_period-full_amps-absolute,abs_amplitude_cardinals,all,60,0.04069967049052955
full_donut_period-full_amps-absolute,abs_amplitude_cardinals,all,61,0.023519084708446263
full_donut_period-full_amps-absolute,abs_amplitude_cardinals,all,62,0.040457517084296235
full_donut_period-full_amps-absolute,abs_amplitude_cardinals,all,63,0.038703002106182126
full_donut_period-full_amps-absolute,abs_amplitude_cardinals,all,64,0.03324924318562667
full_donut_period-full_amps-absolute,abs_amplitude_cardinals,all,65,0.03267387348653979
full_donut_period-full_amps-absolute,abs_amplitude_cardinals,all,66,0.043848531286081016
full_donut_period-full_amps-absolute,abs_amplitude_cardinals,all,67,0.03812440356050982
full_donut_period-full_amps-absolute,abs_amplitude_cardinals,all,68,0.038119648569470935
full_donut_period-full_amps-absolute,abs_amplitude_cardinals,all,69,0.05737497994742807
full_donut_period-full_amps-absolute,abs_amplitude_cardinals,all,70,0.033201965035060566
full_donut_period-full_amps-absolute,abs_amplitude_cardinals,all,71,0.02934770573346573
full_donut_period-full_amps-absolute,abs_amplitude_cardinals,all,72,0.041563295957356375
full_donut_period-full_amps-absolute,abs_amplitude_cardinals,all,73,0.028931734151423513
full_donut_period-full_amps-absolute,abs_amplitude_cardinals,all,74,0.03804392495531859
full_donut_period-full_amps-absolute,abs_amplitude_cardinals,all,75,0.05350983402666557
full_donut_period-full_amps-absolute,abs_amplitude_cardinals,all,76,0.04393123003628093
full_donut_period-full_amps-absolute,abs_amplitude_cardinals,all,77,0.029646114603991736
full_donut_period-full_amps-absolute,abs_amplitude_cardinals,all,78,0.031392507619681584
full_donut_period-full_amps-absolute,abs_amplitude_cardinals,all,79,0.02192161977178808
full_donut_period-full_amps-absolute,abs_amplitude_cardinals,all,80,0.022733859928032348
full_donut_period-full_amps-absolute,abs_amplitude_cardinals,all,81,0.054851640503329815
full_donut_period-full_amps-absolute,abs_amplitude_cardinals,all,82,0.03387932469642488
full_donut_period-full_amps-absolute,abs_amplitude_cardinals,all,83,0.04158637801654429
full_donut_period-full_amps-absolute,abs_amplitude_cardinals,all,84,0.028429078191337557
full_donut_period-full_amps-absolute,abs_amplitude_cardinals,all,85,0.04622741343783834
full_donut_period-full_amps-absolute,abs_amplitude_cardinals,all,86,0.03931404205228541
full_donut_period-full_amps-absolute,abs_amplitude_cardinals,all,87,0.03444344107348196
full_donut_period-full_amps-absolute,abs_amplitude_cardinals,all,88,0.033212295284624375
full_donut_period-full_amps-absolute,abs_amplitude_cardinals,all,89,0.03932927843263815
full_donut_period-full_amps-absolute,abs_amplitude_cardinals,all,90,0.0376046595965965
full_donut_period-full_amps-absolute,abs_amplitude_cardinals,all,91,0.03626878863328785
full_donut_period-full_amps-absolute,abs_amplitude_cardinals,all,92,0.0374645995224332
full_donut_period-full_amps-absolute,abs_amplitude_cardinals,all,93,0.03341448392232346
full_donut_period-full_amps-absolute,abs_amplitude_cardinals,all,94,0.036515305669831834
full_donut_period-full_amps-absolute,abs_amplitude_cardinals,all,95,0.03362836000949482
full_donut_period-full_amps-absolute,abs_amplitude_cardinals,all,96,0.05010683791293873
full_donut_period-full_amps-absolute,abs_amplitude_cardinals,all,97,0.0490567886028924
full_donut_period-full_amps-absolute,abs_amplitude_cardinals,all,98,0.038312914878890686
full_donut_period-full_amps-absolute,abs_amplitude_cardinals,all,99,0.04848311190967986
full_donut_period-full_amps-absolute,abs_amplitude_obliques,all,0,-0.009675344830588621
full_donut_period-full_amps-absolute,abs_amplitude_obliques,all,1,-0.012609080080350865
full_donut_period-full_amps-absolute,abs_amplitude_obliques,all,2,-0.01337770443350744
full_donut_period-full_amps-absolute,abs_amplitude_obliques,all,3,-0.007918817015670378
full_donut_period-full_amps-absolute,abs_amplitude_obliques,all,4,-0.011574344008743808
full_donut_period-full_amps-absolute,abs_amplitude_obliques,all,5,-0.01090385563609692
full_donut_period-full_amps-absolute,abs_amplitude_obliques,all,6,-0.01385465103099565
full_donut_period-full_amps-absolute,abs_amplitude_obliques,all,7,-0.013695781234550827
full_donut_period-full_amps-absolute,abs_amplitude_obliques,all,8,-0.009346778987334608
full_donut_period-full_amps-absolute,abs_amplitude_obliques,all,9,-0.02562959335185183
full_donut_period-full_amps-absolute,abs_amplitude_obliques,all,10,-0.018601321174352425
full_donut_period-full_amps-absolute,abs_amplitude_obliques,all,11,-0.02024353977714726
full_donut_period-full_amps-absolute,abs_amplitude_obliques,all,12,-0.009189260796334284
full_donut_period-full_amps-absolute,abs_amplitude_obliques,all,13,-0.014575851937058956
full_donut_period-full_amps-absolute,abs_amplitude_obliques,all,14,-0.0076524274885416185
full_donut_period-full_amps-absolute,abs_amplitude_obliques,all,15,-0.007555749423360905
full_donut_period-full_amps-absolute,abs_amplitude_obliques,all,16,-0.002550855498842916
full_donut_period-full_amps-absolute,abs_amplitude_obliques,all,17,-0.02171307601955506
full_donut_period-full_amps-absolute,abs_amplitude_obliques,all,18,-0.012788688882383272
full_donut_period-full_amps-absolute,abs_amplitude_obliques,all,19,-0.0107144508263817
full_donut_period-full_amps-absolute,abs_amplitude_obliques,all,20,-0.011167294184357395
full_donut_period-full_amps-absolute,abs_amplitude_obliques,all,21,-0.01083468233207663
full_donut_period-full_amps-absolute,abs_amplitude_obliques,all,22,-0.003225707991268583
full_donut_period-full_amps-absolute,abs_amplitude_obliques,all,23,-0.010101211755494869
full_donut_period-full_amps-absolute,abs_amplitude_obliques,all,24,-0.009434506902855884
full_donut_period-full_amps-absolute,abs_amplitude_obliques,all,25,-0.01551094021518469
full_donut_period-full_amps-absolute,abs_amplitude_obliques,all,26,-0.015056878776476127
full_donut_period-full_amps-absolute,abs_amplitude_obliques,all,27,-0.02247498281265741
full_donut_period-full_amps-absolute,abs_amplitude_obliques,all,28,0.007657689704202823
full_donut_period-full_amps-absolute,abs_amplitude_obliques,all,29,0.00016048689204943152
full_donut_period-full_amps-absolute,abs_amplitude_obliques,all,30,-0.009196319486872098
full_donut_period-full_amps-absolute,abs_amplitude_obliques,all,31,-0.003086119951819555
full_donut_period-full_amps-absolute,abs_amplitude_obliques,all,32,-0.0040094267970775775
full_donut_period-full_amps-absolute,abs_amplitude_obliques,all,33,-0.0029496311970807067
full_donut_period-full_amps-absolute,abs_amplitude_obliques,all,34,-0.01055168998728652
full_donut_period-full_amps-absolute,abs_amplitude_obliques,all,35,-0.010599898008316714
full_donut_period-full_amps-absolute,abs_amplitude_obliques,all,36,-0.013714466995144056
full_donut_period-full_amps-absolute,abs_amplitude_obliques,all,37,-0.016917878618572666
full_donut_period-full_amps-absolute,abs_amplitude_obliques,all,38,-0.028123182107015213
full_donut_period-full_amps-absolute,abs_amplitude_obliques,all,39,-0.003480342391261484
full_donut_period-full_amps-absolute,abs_amplitude_obliques,all,40,-0.0023156351794426412
full_donut_period-full_amps-absolute,abs_amplitude_obliques,all,41,-0.021595374020611343
full_donut_period-full_amps-absolute,abs_amplitude_obliques,all,42,-0.008526699804903847
full_donut_period-full_amps-absolute,abs_amplitude_obliques,all,43,-0.0010786060895066807
full_donut_period-full_amps-absolute,abs_amplitude_obliques,all,44,-0.023684562632508663
full_donut_period-full_amps-absolute,abs_amplitude_obliques,all,45,-0.009073593382164862
full_donut_period-full_amps-absolute,abs_amplitude_obliques,all,46,-0.015284708163753562
full_donut_period-full_amps-absolute,abs_amplitude_obliques,all,47,-0.016244961318577927
full_donut_period-full_amps-absolute,abs_amplitude_obliques,all,48,-0.017885549964464603
full_donut_period-full_amps-absolute,abs_amplitude_obliques,all,49,-0.010615546145351628
full_donut_period-full_amps-absolute,abs_amplitude_obliques,all,50,-0.009128155100036645
full_donut_period-full_amps-absolute,abs_amplitude_obliques,all,51,-0.002174696420828375
full_donut_period-full_amps-absolute,abs_amplitude_obliques,all,52,0.008894036353476818
full_donut_period-full_amps-absolute,abs_amplitude_obliques,all,53,-0.023739959087233527
full_donut_period-full_amps-absolute,abs_amplitude_obliques,all,54,-0.019176574808693968
full_donut_period-full_amps-absolute,abs_amplitude_obliques,all,55,-0.008341210827809786
full_donut_period-full_amps-absolute,abs_amplitude_obliques,all,56,-0.003338203576346446
full_donut_period-full_amps-absolute,abs_amplitude_obliques,all,57,0.0012175478609584532
full_donut_period-full_amps-absolute,abs_amplitude_obliques,all,58,-0.009758385532355928
full_donut_period-full_amps-absolute,abs_amplitude_obliques,all,59,-0.02053068219890956
full_donut_period-full_amps-absolute,abs_amplitude_obliques,all,60,-0.008972574029626038
full_donut_period-full_amps-absolute,abs_amplitude_obliques,all,61,-0.01909599549107489
full_donut_period-full_amps-absolute,abs_amplitude_obliques,all,62,-0.010744964614237896
full_donut_period-full_amps-absolute,abs_amplitude_obliques,all,63,-0.007662345462201747
full_donut_period-full_amps-absolute,abs_amplitude_obliques,all,64,-0.01696400721350853
full_donut_period-full_amps-absolute,abs_amplitude_obliques,all,65,-0.013544627355607032
full_donut_period-full_amps-absolute,abs_amplitude_obliques,all,66,-0.0019105924067729157
full_donut_period-full_amps-absolute,abs_amplitude_obliques,all,67,-0.022605100725694226
full_donut_period-full_amps-absolute,abs_amplitude_obliques,all,68,-0.0008209639092461017
full_donut_period-full_amps-absolute,abs_amplitude_obliques,all,69,-0.014260566823156809
full_donut_period-full_amps-absolute,abs_amplitude_obliques,all,70,-0.0057773579574567436
full_donut_period-full_amps-absolute,abs_amplitude_obliques,all,71,-0.009123301526800682
full_donut_period-full_amps-absolute,abs_amplitude_obliques,all,72,-0.018546541759986518
full_donut_period-full_amps-absolute,abs_amplitude_obliques,all,73,-0.009397503918594952
full_donut_period-full_amps-absolute,abs_amplitude_obliques,all,74,-0.0041311248594614715
full_donut_period-full_amps-absolute,abs_amplitude_obliques,all,75,-0.013572027046254672
full_donut_period-full_amps-absolute,abs_amplitude_obliques,all,76,-0.01597667778276574
full_donut_period-full_amps-absolute,abs_amplitude_obliques,all,77,-0.01924024320029399
full_donut_period-full_amps-absolute,abs_amplitude_obliques,all,78,-0.016663184580969218
full_donut_period-full_amps-absolute,abs_amplitude_obliques,all,79,-0.01826074674736476
full_donut_period-full_amps-absolute,abs_amplitude_obliques,all,80,-0.014056995987595864
full_donut_period-full_amps-absolute,abs_amplitude_obliques,all,81,0.0010714964826002793
full_donut_period-full_amps-absolute,abs_amplitude_obliques,all,82,-0.010664695480129906
full_donut_period-full_amps-absolute,abs_amplitude_obliques,all,83,-0.014004444210917469
full_donut_period-full_amps-absolute,abs_amplitude_obliques,all,84,-0.01291176611714765
full_donut_period-full_amps-absolute,abs_amplitude_obliques,all,85,-0.009617088476549828
full_donut_period-full_amps-absolute,abs_amplitude_obliques,all,86,-0.0027515276310261234
full_donut_period-full_amps-absolute,abs_amplitude_obliques,all,87,-0.009619106890958282
full_donut_period-full_amps-absolute,abs_amplitude_obliques,all,88,-0.01140028956194563
full_donut_period-full_amps-absolute,abs_amplitude_obliques,all,89,-0.012790935330481873
full_donut_period-full_amps-absolute,abs_amplitude_obliques,all,90,-0.017661649219408708
full_donut_period-full_amps-absolute,abs_amplitude_obliques,all,91,-0.01704567231137856
full_donut_period-full_amps-absolute,abs_amplitude_obliques,all,92,-0.016390713792894668
full_donut_period-full_amps-absolute,abs_amplitude_obliques,all,93,-0.003167692663572068
full_donut_period-full_amps-absolute,abs_amplitude_obliques,all,94,-0.005934150162637033
full_donut_period-full_amps-absolute,abs_amplitude_obliques,all,95,-0.023611739811765738
full_donut_period-full_amps-absolute,abs_amplitude_obliques,all,96,-0.022648239688930857
full_donut_period-full_amps-absolute,abs_amplitude_obliques,all,97,-0.015633114146831332
full_donut_period-full_amps-absolute,abs_amplitude_obliques,all,98,-0.0074225028756175985
full_donut_period-full_amps-absolute,abs_amplitude_obliques,all,99,-0.009947817676333877
full_donut_period-full_amps-absolute,abs_mode_cardinals,all,0,0.050264668207392484
full_donut_period-full_amps-absolute,abs_mode_cardinals,all,1,0.0655420481143178
full_donut_period-full_amps-absolute,abs_mode_cardinals,all,2,0.046635598735129735
full_donut_period-full_amps-absolute,abs_mode_cardinals,all,3,0.08868658664583162
full_donut_period-full_amps-absolute,abs_mode_cardinals,all,4,0.07827899476034421
full_donut_period-full_amps-absolute,abs_mode_cardinals,all,5,0.0566491125389227
full_donut_period-full_amps-absolute,abs_mode_cardinals,all,6,0.03766291510812452
full_donut_period-full_amps-absolute,abs_mode_cardinals,all,7,0.06469935396874453
full_donut_period-full_amps-absolute,abs_mode_cardinals,all,8,0.04175134209118976
full_donut_period-full_amps-absolute,abs_mode_cardinals,all,9,0.05143133324275497
full_donut_period-full_amps-absolute,abs_mode_cardinals,all,10,0.0732030424930275
full_donut_period-full_amps-absolute,abs_mode_cardinals,all,11,0.051313532916590215
full_donut_period-full_amps-absolute,abs_mode_cardinals,all,12,0.02399936665670429
full_donut_period-full_amps-absolute,abs_mode_cardinals,all,13,0.09777093407850804
full_donut_period-full_amps-absolute,abs_mode_cardinals,all,14,0.04783550840140292
full_donut_period-full_amps-absolute,abs_mode_cardinals,all,15,0.03740976574251818
full_donut_period-full_amps-absolute,abs_mode_cardinals,all,16,0.07757337754170163
full_donut_period-full_amps-absolute,abs_mode_cardinals,all,17,0.038186104649893735
full_donut_period-full_amps-absolute,abs_mode_cardinals,all,18,0.0443608092468491
full_donut_period-full_amps-absolute,abs_mode_cardinals,all,19,0.051322491666306966
full_donut_period-full_amps-absolute,abs_mode_cardinals,all,20,0.07836220044494828
full_donut_period-full_amps-absolute,abs_mode_cardinals,all,21,0.06100910459755544
full_donut_period-full_amps-absolute,abs_mode_cardinals,all,22,0.02767424568848801
full_donut_period-full_amps-absolute,abs_mode_cardinals,all,23,0.08154113353432177
full_donut_period-full_amps-absolute,abs_mode_cardinals,all,24,0.03889933818391658
full_donut_period-full_amps-absolute,abs_mode_cardinals,all,25,0.06580746077080173
full_donut_period-full_amps-absolute,abs_mode_cardinals,all,26,0.08315133701047657
full_donut_period-full_amps-absolute,abs_mode_cardinals,all,27,0.0728839406643364
full_donut_period-full_amps-absolute,abs_mode_cardinals,all,28,0.08124254335516233
full_donut_period-full_amps-absolute,abs_mode_cardinals,all,29,0.05488586394147341
full_donut_period-full_amps-absolute,abs_mode_cardinals,all,30,0.10449788095529812
full_donut_period-full_amps-absolute,abs_mode_cardinals,all,31,0.07673711525101491
full_donut_period-full_amps-absolute,abs_mode_cardinals,all,32,0.06409644097962429
full_donut_period-full_amps-absolute,abs_mode_cardinals,all,33,0.04253919002248928
full_donut_period-full_amps-absolute,abs_mode_cardinals,all,34,0.05185451250452288
full_donut_period-full_amps-absolute,abs_mode_cardinals,all,35,0.12355582735397115
full_donut_period-full_amps-absolute,abs_mode_cardinals,all,36,0.12134013626747332
full_donut_period-full_amps-absolute,abs_mode_cardinals,all,37,0.041829590101162085
full_donut_period-full_amps-absolute,abs_mode_cardinals,all,38,0.06815952219463814
full_donut_period-full_amps-absolute,abs_mode_cardinals,all,39,0.052429201837859436
full_donut_period-full_amps-absolute,abs_mode_cardinals,all,40,0.027868263325071987
full_donut_period-full_amps-absolute,abs_mode_cardinals,all,41,0.09027127228038204
full_donut_period-full_amps-absolute,abs_mode_cardinals,all,42,0.05127280699905341
full_donut_period-full_amps-absolute,abs_mode_cardinals,all,43,0.0595240405378332
full_donut_period-full_amps-absolute,abs_mode_cardinals,all,44,0.08164748604053293
full_donut_period-full_amps-absolute,abs_mode_cardinals,all,45,0.04525775825898825
full_donut_period-full_amps-absolute,abs_mode_cardinals,all,46,0.0705795284420904
full_donut_period-full_amps-absolute,abs_mode_cardinals,all,47,0.057845266481068115
full_donut_period-full_amps-absolute,abs_mode_cardinals,all,48,0.06075309056849994
full_donut_period-full_amps-absolute,abs_mode_cardinals,all,49,0.03207442322140548
full_donut_period-full_amps-absolute,abs_mode_cardinals,all,50,0.0706177382689696
full_donut_period-full_amps-absolute,abs_mode_cardinals,all,51,0.010792377691861364
full_donut_period-full_amps-absolute,abs_mode_cardinals,all,52,0.034969762848262864
full_donut_period-full_amps-absolute,abs_mode_cardinals,all,53,0.05684567249028215
full_donut_period-full_amps-absolute,abs_mode_cardinals,all,54,0.044019157560297464
full_donut_period-full_amps-absolute,abs_mode_cardinals,all,55,0.09063578745387876
full_donut_period-full_amps-absolute,abs_mode_cardinals,all,56,0.020723205100236987
full_donut_period-full_amps-absolute,abs_mode_cardinals,all,57,0.12739318015080545
full_donut_period-full_amps-absolute,abs_mode_cardinals,all,58,0.03691717611000709
full_donut_period-full_amps-absolute,abs_mode_cardinals,all,59,0.09657794868180572
full_donut_period-full_amps-absolute,abs_mode_cardinals,all,60,0.022717502165528498
full_donut_period-full_amps-absolute,abs_mode_cardinals,all,61,0.08074359765672151
full_donut_period-full_amps-absolute,abs_mode_cardinals,all,62,0.03936226207289058
full_donut_period-full_amps-absolute,abs_mode_cardinals,all,63,0.06891388622746844
full_donut_period-full_amps-absolute,abs_mode_cardinals,all,64,0.09610343817133192
full_donut_period-full_amps-absolute,abs_mode_cardinals,all,65,0.09054944877975084
full_donut_period-full_amps-absolute,abs_mode_cardinals,all,66,0.06530112414386302
full_donut_period-full_amps-absolute,abs_mode_cardinals,all,67,0.0231354499482636
full_donut_period-full_amps-absolute,abs_mode_cardinals,all,68,0.08543748271900764
full_donut_period-full_amps-absolute,abs_mode_cardinals,all,69,0.049569947264953146
full_donut_period-full_amps-absolute,abs_mode_cardinals,all,70,0.0670032176175609
full_donut_period-full_amps-absolute,abs_mode_cardinals,all,71,0.07482028775000282
full_donut_period-full_amps-absolute,abs_mode_cardinals,all,72,0.0691553448718654
full_donut_period-full_amps-absolute,abs_mode_cardinals,all,73,0.09201869564274576
full_donut_period-full_amps-absolute,abs_mode_cardinals,all,74,0.03236439879308907
full_donut_period-full_amps-absolute,abs_mode_cardinals,all,75,0.044672766324588574
full_donut_period-full_amps-absolute,abs_mode_cardinals,all,76,0.01979966379586799
full_donut_period-full_amps-absolute,abs_mode_cardinals,all,77,0.0651994130635249
full_donut_period-full_amps-absolute,abs_mode_cardinals,all,78,0.08559001779323845
full_donut_period-full_amps-absolute,abs_mode_cardinals,all,79,0.07549502173567622
full_donut_period-full_amps-absolute,abs_mode_cardinals,all,80,0.030833330706978163
full_donut_period-full_amps-absolute,abs_mode_cardinals,all,81,0.04131612845507236
full_donut_period-full_amps-absolute,abs_mode_cardinals,all,82,0.06747582150791218
full_donut_period-full_amps-absolute,abs_mode_cardinals,all,83,0.06283752630278737
full_donut_period-full_amps-absolute,abs_mode_cardinals,all,84,0.06707912588179556
full_donut_period-full_amps-absolute,abs_mode_cardinals,all,85,0.07089495487023045
full_donut_period-full_amps-absolute,abs_mode_cardinals,all,86,0.04062487994288812
full_donut_period-full_amps-absolute,abs_mode_cardinals,all,87,0.047207918974492384
full_donut_period-full_amps-absolute,abs_mode_cardinals,all,88,0.05913212281689863
full_donut_period-full_amps-absolute,abs_mode_cardinals,all,89,0.06912537428576515
full_donut_period-full_amps-absolute,abs_mode_cardinals,all,90,0.07713969420358174
full_donut_period-full_amps-absolute,abs_mode_cardinals,all,91,0.07072432378965507
full_donut_period-full_amps-absolute,abs_mode_cardinals,all,92,0.06459902348949385
full_donut_period-full_amps-absolute,abs_mode_cardinals,all,93,0.05910950874122519
full_donut_period-full_amps-absolute,abs_mode_cardinals,all,94,0.08521529803849183
full_donut_period-full_amps-absolute,abs_mode_cardinals,all,95,0.058495478464824814
full_donut_period-full_amps-absolute,abs_mode_cardinals,all,96,0.047338314383960745
full_donut_period-full_amps-absolute,abs_mode_cardinals,all,97,0.0412103756194069
full_donut_period-full_amps-absolute,abs_mode_cardinals,all,98,0.04367022243960248
full_donut_period-full_amps-absolute,abs_mode_cardinals,all,99,0.08246613689972336
full_donut_period-full_amps-absolute,abs_mode_obliques,all,0,-0.029491943141784445
full_donut_period-full_amps-absolute,abs_mode_obliques,all,1,-0.034983998649248366
full_donut_period-full_amps-absolute,abs_mode_obliques,all,2,-0.03456925385146848
full_donut_period-full_amps-absolute,abs_mode_obliques,all,3,-0.03006093905322502
full_donut_period-full_amps-absolute,abs_mode_obliques,all,4,-0.02961463224008328
full_donut_period-full_amps-absolute,abs_mode_obliques,all,5,-0.026109600803339787
full_donut_period-full_amps-absolute,abs_mode_obliques,all,6,-0.036772096248741684
full_donut_period-full_amps-absolute,abs_mode_obliques,all,7,-0.030657499347164118
full_donut_period-full_amps-absolute,abs_mode_obliques,all,8,-0.04088985375491667
full_donut_period-full_amps-absolute,abs_mode_obliques,all,9,-0.04168133114281368
full_donut_period-full_amps-absolute,abs_mode_obliques,all,10,-0.025805491768757884
full_donut_period-full_amps-absolute,abs_mode_obliques,all,11,-0.03386136283315989
full_donut_period-full_amps-absolute,abs_mode_obliques,all,12,-0.02235247051207504
full_donut_period-full_amps-absolute,abs_mode_obliques,all,13,-0.0334349734442595
full_donut_period-full_amps-absolute,abs_mode_obliques,all,14,-0.024567649598780973
full_donut_period-full_amps-absolute,abs_mode_obliques,all,15,-0.027735657243092283
full_donut_period-full_amps-absolute,abs_mode_obliques,all,16,-0.033012631455350015
full_donut_period-full_amps-absolute,abs_mode_obliques,all,17,-0.027653111217771885
full_donut_period-full_amps-absolute,abs_mode_obliques,all,18,-0.021186973869029763
full_donut_period-full_amps-absolute,abs_mode_obliques,all,19,-0.024285668818184454
full_donut_period-full_amps-absolute,abs_mode_obliques,all,20,-0.024239894620242633
full_donut_period-full_amps-absolute,abs_mode_obliques,all,21,-0.02930482148155955
full_donut_period-full_amps-absolute,abs_mode_obliques,all,22,-0.028981830484951607
full_donut_period-full_amps-absolute,abs_mode_obliques,all,23,-0.04860688651190512
full_donut_period-full_amps-absolute,abs_mode_obliques,all,24,-0.028440890304406045
full_donut_period-full_amps-absolute,abs_mode_obliques,all,25,-0.05010537115531796
full_donut_period-full_amps-absolute,abs_mode_obliques,all,26,-0.026086379848796217
full_donut_period-full_amps-absolute,abs_mode_obliques,all,27,-0.0375421853473536
full_donut_period-full_amps-absolute,abs_mode_obliques,all,28,-0.032528728658253424
full_donut_period-full_amps-absolute,abs_mode_obliques,all,29,-0.026567036753962853
full_donut_period-full_amps-absolute,abs_mode_obliques,all,30,-0.030336760902349207
full_donut_period-full_amps-absolute,abs_mode_obliques,all,31,-0.03603737041803059
full_donut_period-full_amps-absolute,abs_mode_obliques,all,32,-0.01958065562231525
full_donut_period-full_amps-absolute,abs_mode_obliques,all,33,-0.030490564971967893
full_donut_period-full_amps-absolute,abs_mode_obliques,all,34,-0.030813355902723712
full_donut_period-full_amps-absolute,abs_mode_obliques,all,35,-0.04253638651174137
full_donut_period-full_amps-absolute,abs_mode_obliques,all,36,-0.02138025615247277
full_donut_period-full_amps-absolute,abs_mode_obliques,all,37,-0.03878587890559883
full_donut_period-full_amps-absolute,abs_mode_obliques,all,38,-0.02763316701008104
full_donut_period-full_amps-absolute,abs_mode_obliques,all,39,-0.03873202769247007
full_donut_period-full_amps-absolute,abs_mode_obliques,all,40,-0.028041373149089617
full_donut_period-full_amps-absolute,abs_mode_obliques,all,41,-0.035403567699379766
full_donut_period-full_amps-absolute,abs_mode_obliques,all,42,-0.03141893601501322
full_donut_period-full_amps-absolute,abs_mode_obliques,all,43,-0.034821018033976754
full_donut_period-full_amps-absolute,abs_mode_obliques,all,44,-0.035129608622289164
full_donut_period-full_amps-absolute,abs_mode_obliques,all,45,-0.028552761727807806
full_donut_period-full_amps-absolute,abs_mode_obliques,all,46,-0.030979922309124032
full_donut_period-full_amps-absolute,abs_mode_obliques,all,47,-0.030485326913092605
full_donut_period-full_amps-absolute,abs_mode_obliques,all,48,-0.029512883786324686
full_donut_period-full_amps-absolute,abs_mode_obliques,all,49,-0.02602389701190784
full_donut_period-full_amps-absolute,abs_mode_obliques,all,50,-0.024743048591013943
full_donut_period-full_amps-absolute,abs_mode_obliques,all,51,-0.0372336003803723
full_donut_period-full_amps-absolute,abs_mode_obliques,all,52,-0.01818281392162296
full_donut_period-full_amps-absolute,abs_mode_obliques,all,53,-0.02667873016445677
full_donut_period-full_amps-absolute,abs_mode_obliques,all,54,-0.03183444305410156
full_donut_period-full_amps-absolute,abs_mode_obliques,all,55,-0.04799617076850158
full_donut_period-full_amps-absolute,abs_mode_obliques,all,56,-0.042818600458505794
full_donut_period-full_amps-absolute,abs_mode_obliques,all,57,-0.041755988891899784
full_donut_period-full_amps-absolute,abs_mode_obliques,all,58,-0.030717014792133686
full_donut_period-full_amps-absolute,abs_mode_obliques,all,59,-0.024625810670244323
full_donut_period-full_amps-absolute,abs_mode_obliques,all,60,-0.030200801651295395
full_donut_period-full_amps-absolute,abs_mode_obliques,all,61,-0.0368788959596769
full_donut_period-full_amps-absolute,abs_mode_obliques,all,62,-0.03337769962951091
full_donut_period-full_amps-absolute,abs_mode_obliques,all,63,-0.036289076592301836
full_donut_period-full_amps-absolute,abs_mode_obliques,all,64,-0.04148230597573075
full_donut_period-full_amps-absolute,abs_mode_obliques,all,65,-0.03810214652795396
full_donut_period-full_amps-absolute,abs_mode_obliques,all,66,-0.032680926799411036
full_donut_period-full_amps-absolute,abs_mode_obliques,all,67,-0.024960875037270024
full_donut_period-full_amps-absolute,abs_mode_obliques,all,68,-0.040057331080668966
full_donut_period-full_amps-absolute,abs_mode_obliques,all,69,-0.0309039468672572
full_donut_period-full_amps-absolute,abs_mode_obliques,all,70,-0.026257489937518117
full_donut_period-full_amps-absolute,abs_mode_obliques,all,71,-0.03807776460729187
full_donut_period-full_amps-absolute,abs_mode_obliques,all,72,-0.03630430347898557
full_donut_period-full_amps-absolute,abs_mode_obliques,all,73,-0.02918462300775948
full_donut_period-full_amps-absolute,abs_mode_obliques,all,74,-0.029186062064644268
full_donut_period-full_amps-absolute,abs_mode_obliques,all,75,-0.034745977181780234
full_donut_period-full_amps-absolute,abs_mode_obliques,all,76,-0.02630374416647388
full_donut_period-full_amps-absolute,abs_mode_obliques,all,77,-0.03466495935282764
full_donut_period-full_amps-absolute,abs_mode_obliques,all,78,-0.03382553631809379
full_donut_period-full_amps-absolute,abs_mode_obliques,all,79,-0.031127905933203595
full_donut_period-full_amps-absolute,abs_mode_obliques,all,80,-0.04257613332909509
full_donut_period-full_amps-absolute,abs_mode_obliques,all,81,-0.03703367463165378
full_donut_period-full_amps-absolute,abs_mode_obliques,all,82,-0.02948707061268328
full_donut_period-full_amps-absolute,abs_mode_obliques,all,83,-0.03730176466647293
full_donut_period-full_amps-absolute,abs_mode_obliques,all,84,-0.03021425668782642
full_donut_period-full_amps-absolute,abs_mode_obliques,all,85,-0.02618334805220275
full_donut_period-full_amps-absolute,abs_mode_obliques,all,86,-0.032877619195537604
full_donut_period-full_amps-absolute,abs_mode_obliques,all,87,-0.030255876117617705
full_donut_period-full_amps-absolute,abs_mode_obliques,all,88,-0.0247368296222309
full_donut_period-full_amps-absolute,abs_mode_obliques,all,89,-0.031176612378068545
full_donut_period-full_amps-absolute,abs_mode_obliques,all,90,-0.02546955107777508
full_donut_period-full_amps-absolute,abs_mode_obliques,all,91,-0.029667935202448863
full_donut_period-full_amps-absolute,abs_mode_obliques,all,92,-0.03999190236240966
full_donut_period-full_amps-absolute,abs_mode_obliques,all,93,-0.02119661112715611
full_donut_period-full_amps-absolute,abs_mode_obliques,all,94,-0.021782867948075026
full_donut_period-full_amps-absolute,abs_mode_obliques,all,95,-0.04238224707982212
full_donut_period-full_amps-absolute,abs_mode_obliques,all,96,-0.033718219716255486
full_donut_period-full_amps-absolute,abs_mode_obliques,all,97,-0.028671282047501908
full_donut_period-full_amps-absolute,abs_mode_obliques,all,98,-0.04384871234511667
full_donut_period-full_amps-absolute,abs_mode_obliques,all,99,-0.029984245554767763
full_donut_period-full_amps-absolute,rel_amplitude_cardinals,all,0,0.0
full_donut_period-full_amps-absolute,rel_amplitude_cardinals,all,1,0.0
full_donut_period-full_amps-absolute,rel_amplitude_cardinals,all,2,0.0
full_donut_period-full_amps-absolute,rel_amplitude_cardinals,all,3,0.0
full_donut_period-full_amps-absolute,rel_amplitude_cardinals,all,4,0.0
full_donut_period-full_amps-absolute,rel_amplitude_cardinals,all,5,0.0
full_donut_period-full_amps-absolute,rel_amplitude_cardinals,all,6,0.0
full_donut_period-full_amps-absolute,rel_amplitude_cardinals,all,7,0.0
full_donut_period-full_amps-absolute,rel_amplitude_cardinals,all,8,0.0
full_donut_period-full_amps-absolute,rel_amplitude_cardinals,all,9,0.0
full_donut_period-full_amps-absolute,rel_amplitude_cardinals,all,10,0.0
full_donut_period-full_amps-absolute,rel_amplitude_cardinals,all,11,0.0
full_donut_period-full_amps-absolute,rel_amplitude_cardinals,all,12,0.0
full_donut_period-full_amps-absolute,rel_amplitude_cardinals,all,13,0.0
full_donut_period-full_amps-absolute,rel_amplitude_cardinals,all,14,0.0
full_donut_period-full_amps-absolute,rel_amplitude_cardinals,all,15,0.0
full_donut_period-full_amps-absolute,rel_amplitude_cardinals,all,16,0.0
full_donut_period-full_amps-absolute,rel_amplitude_cardinals,all,17,0.0
full_donut_period-full_amps-absolute,rel_amplitude_cardinals,all,18,0.0
full_donut_period-full_amps-absolute,rel_amplitude_cardinals,all,19,0.0
full_donut_period-full_amps-absolute,rel_amplitude_cardinals,all,20,0.0
full_donut_period-full_amps-absolute,rel_amplitude_cardinals,all,21,0.0
full_donut_period-full_amps-absolute,rel_amplitude_cardinals,all,22,0.0
full_donut_period-full_amps-absolute,rel_amplitude_cardinals,all,23,0.0
full_donut_period-full_amps-absolute,rel_amplitude_cardinals,all,24,0.0
full_donut_period-full_amps-absolute,rel_amplitude_cardinals,all,25,0.0
full_donut_period-full_amps-absolute,rel_amplitude_cardinals,all,26,0.0
full_donut_period-full_amps-absolute,rel_amplitude_cardinals,all,27,0.0
full_donut_period-full_amps-absolute,rel_amplitude_cardinals,all,28,0.0
full_donut_period-full_amps-absolute,rel_amplitude_cardinals,all,29,0.0
full_donut_period-full_amps-absolute,rel_amplitude_cardinals,all,30,0.0
full_donut_period-full_amps-absolute,rel_amplitude_cardinals,all,31,0.0
full_donut_period-full_amps-absolute,rel_amplitude_cardinals,all,32,0.0
full_donut_period-full_amps-absolute,rel_amplitude_cardinals,all,33,0.0
full_donut_period-full_amps-absolute,rel_amplitude_cardinals,all,34,0.0
full_donut_period-full_amps-absolute,rel_amplitude_cardinals,all,35,0.0
full_donut_period-full_amps-absolute,rel_amplitude_cardinals,all,36,0.0
full_donut_period-full_amps-absolute,rel_amplitude_cardinals,all,37,0.0
full_donut_period-full_amps-absolute,rel_amplitude_cardinals,all,38,0.0
full_donut_period-full_amps-absolute,rel_amplitude_cardinals,all,39,0.0
full_donut_period-full_amps-absolute,rel_amplitude_cardinals,all,40,0.0
full_donut_period-full_amps-absolute,rel_amplitude_cardinals,all,41,0.0
full_donut_period-full_amps-absolute,rel_amplitude_cardinals,all,42,0.0
full_donut_period-full_amps-absolute,rel_amplitude_cardinals,all,43,0.0
full_donut_period-full_amps-absolute,rel_amplitude_cardinals,all,44,0.0
full_donut_period-full_amps-absolute,rel_amplitude_cardinals,all,45,0.0
full_donut_period-full_amps-absolute,rel_amplitude_cardinals,all,46,0.0
full_donut_period-full_amps-absolute,rel_amplitude_cardinals,all,47,0.0
full_donut_period-full_amps-absolute,rel_amplitude_cardinals,all,48,0.0
full_donut_period-full_amps-absolute,rel_amplitude_cardinals,all,49,0.0
full_donut_period-full_amps-absolute,rel_amplitude_cardinals,all,50,0.0
full_donut_period-full_amps-absolute,rel_amplitude_cardinals,all,51,0.0
full_donut_period-full_amps-absolute,rel_amplitude_cardinals,all,52,0.0
full_donut_period-full_amps-absolute,rel_amplitude_cardinals,all,53,0.0
full_donut_period-full_amps-absolute,rel_amplitude_cardinals,all,54,0.0
full_donut_period-full_amps-absolute,rel_amplitude_cardinals,all,55,0.0
full_donut_period-full_amps-absolute,rel_amplitude_cardinals,all,56,0.0
full_donut_period-full_amps-absolute,rel_amplitude_cardinals,all,57,0.0
full_donut_period-full_amps-absolute,rel_amplitude_cardinals,all,58,0.0
full_donut_period-full_amps-absolute,rel_amplitude_cardinals,all,59,0.0
full_donut_period-full_amps-absolute,rel_amplitude_cardinals,all,60,0.0
full_donut_period-full_amps-absolute,rel_amplitude_cardinals,all,61,0.0
full_donut_period-full_amps-absolute,rel_amplitude_cardinals,all,62,0.0
full_donut_period-full_amps-absolute,rel_amplitude_cardinals,all,63,0.0
full_donut_period-full_amps-absolute,rel_amplitude_cardinals,all,64,0.0
full_donut_period-full_amps-absolute,rel_amplitude_cardinals,all,65,0.0
full_donut_period-full_amps-absolute,rel_amplitude_cardinals,all,66,0.0
full_donut_period-full_amps-absolute,rel_amplitude_cardinals,all,67,0.0
full_donut_period-full_amps-absolute,rel_amplitude_cardinals,all,68,0.0
full_donut_period-full_amps-absolute,rel_amplitude_cardinals,all,69,0.0
full_donut_period-full_amps-absolute,rel_amplitude_cardinals,all,70,0.0
full_donut_period-full_amps-absolute,rel_amplitude_cardinals,all,71,0.0
full_donut_period-full_amps-absolute,rel_amplitude_cardinals,all,72,0.0
full_donut_period-full_amps-absolute,rel_amplitude_cardinals,all,73,0.0
full_donut_period-full_amps-absolute,rel_amplitude_cardinals,all,74,0.0
full_donut_period-full_amps-absolute,rel_amplitude_cardinals,all,75,0.0
full_donut_period-full_amps-absolute,rel_amplitude_cardinals,all,76,0.0
full_donut_period-full_amps-absolute,rel_amplitude_cardinals,all,77,0.0
full_donut_period-full_amps-absolute,rel_amplitude_cardinals,all,78,0.0
full_donut_period-full_amps-absolute,rel_amplitude_cardinals,all,79,0.0
full_donut_period-full_amps-absolute,rel_amplitude_cardinals,all,80,0.0
full_donut_period-full_amps-absolute,rel_amplitude_cardinals,all,81,0.0
full_donut_period-full_amps-absolute,rel_amplitude_cardinals,all,82,0.0
full_donut_period-full_amps-absolute,rel_amplitude_cardinals,all,83,0.0
full_donut_period-full_amps-absolute,rel_amplitude_cardinals,all,84,0.0
full_donut_period-full_amps-absolute,rel_amplitude_cardinals,all,85,0.0
full_donut_period-full_amps-absolute,rel_amplitude_cardinals,all,86,0.0
full_donut_period-full_amps-absolute,rel_amplitude_cardinals,all,87,0.0
full_donut_period-full_amps-absolute,rel_amplitude_cardinals,all,88,0.0
full_donut_period-full_amps-absolute,rel_amplitude_cardinals,all,89,0.0
full_donut_period-full_amps-absolute,rel_amplitude_cardinals,all,90,0.0
full_donut_period-full_amps-absolute,rel_amplitude_cardinals,all,91,0.0
full_donut_period-full_amps-absolute,rel_amplitude_cardinals,all,92,0.0
full_donut_period-full_amps-absolute,rel_amplitude_cardinals,all,93,0.0
full_donut_period-full_amps-absolute,rel_amplitude_cardinals,all,94,0.0
full_donut_period-full_amps-absolute,rel_amplitude_cardinals,all,95,0.0
full_donut_period-full_amps-absolute,rel_amplitude_cardinals,all,96,0.0
full_donut_period-full_amps-absolute,rel_amplitude_cardinals,all,97,0.0
full_donut_period-full_amps-absolute,rel_amplitude_cardinals,all,98,0.0
full_donut_period-full_amps-absolute,rel_amplitude_cardinals,all,99,0.0
full_donut_period-full_amps-absolute,rel_amplitude_obliques,all,0,0.0
full_donut_period-full_amps-absolute,rel_amplitude_obliques,all,1,0.0
full_donut_period-full_amps-absolute,rel_amplitude_obliques,all,2,0.0
full_donut_period-full_amps-absolute,rel_amplitude_obliques,all,3,0.0
full_donut_period-full_amps-absolute,rel_amplitude_obliques,all,4,0.0
full_donut_period-full_amps-absolute,rel_amplitude_obliques,all,5,0.0
full_donut_period-full_amps-absolute,rel_amplitude_obliques,all,6,0.0
full_donut_period-full_amps-absolute,rel_amplitude_obliques,all,7,0.0
full_donut_period-full_amps-absolute,rel_amplitude_obliques,all,8,0.0
full_donut_period-full_amps-absolute,rel_amplitude_obliques,all,9,0.0
full_donut_period-full_amps-absolute,rel_amplitude_obliques,all,10,0.0
full_donut_period-full_amps-absolute,rel_amplitude_obliques,all,11,0.0
full_donut_period-full_amps-absolute,rel_amplitude_obliques,all,12,0.0
full_donut_period-full_amps-absolute,rel_amplitude_obliques,all,13,0.0
full_donut_period-full_amps-absolute,rel_amplitude_obliques,all,14,0.0
full_donut_period-full_amps-absolute,rel_amplitude_obliques,all,15,0.0
full_donut_period-full_amps-absolute,rel_amplitude_obliques,all,16,0.0
full_donut_period-full_amps-absolute,rel_amplitude_obliques,all,17,0.0
full_donut_period-full_amps-absolute,rel_amplitude_obliques,all,18,0.0
full_donut_period-full_amps-absolute,rel_amplitude_obliques,all,19,0.0
full_donut_period-full_amps-absolute,rel_amplitude_obliques,all,20,0.0
full_donut_period-full_amps-absolute,rel_amplitude_obliques,all,21,0.0
full_donut_period-full_amps-absolute,rel_amplitude_obliques,all,22,0.0
full_donut_period-full_amps-absolute,rel_amplitude_obliques,all,23,0.0
full_donut_period-full_amps-absolute,rel_amplitude_obliques,all,24,0.0
full_donut_period-full_amps-absolute,rel_amplitude_obliques,all,25,0.0
full_donut_period-full_amps-absolute,rel_amplitude_obliques,all,26,0.0
full_donut_period-full_amps-absolute,rel_amplitude_obliques,all,27,0.0
full_donut_period-full_amps-absolute,rel_amplitude_obliques,all,28,0.0
full_donut_period-full_amps-absolute,rel_amplitude_obliques,all,29,0.0
full_donut_period-full_amps-absolute,rel_amplitude_obliques,all,30,0.0
full_donut_period-full_amps-absolute,rel_amplitude_obliques,all,31,0.0
full_donut_period-full_amps-absolute,rel_amplitude_obliques,all,32,0.0
full_donut_period-full_amps-absolute,rel_amplitude_obliques,all,33,0.0
full_donut_period-full_amps-absolute,rel_amplitude_obliques,all,34,0.0
full_donut_period-full_amps-absolute,rel_amplitude_obliques,all,35,0.0
full_donut_period-full_amps-absolute,rel_amplitude_obliques,all,36,0.0
full_donut_period-full_amps-absolute,rel_amplitude_obliques,all,37,0.0
full_donut_period-full_amps-absolute,rel_amplitude_obliques,all,38,0.0
full_donut_period-full_amps-absolute,rel_amplitude_obliques,all,39,0.0
full_donut_period-full_amps-absolute,rel_amplitude_obliques,all,40,0.0
full_donut_period-full_amps-absolute,rel_amplitude_obliques,all,41,0.0
full_donut_period-full_amps-absolute,rel_amplitude_obliques,all,42,0.0
full_donut_period-full_amps-absolute,rel_amplitude_obliques,all,43,0.0
full_donut_period-full_amps-absolute,rel_amplitude_obliques,all,44,0.0
full_donut_period-full_amps-absolute,rel_amplitude_obliques,all,45,0.0
full_donut_period-full_amps-absolute,rel_amplitude_obliques,all,46,0.0
full_donut_period-full_amps-absolute,rel_amplitude_obliques,all,47,0.0
full_donut_period-full_amps-absolute,rel_amplitude_obliques,all,48,0.0
full_donut_period-full_amps-absolute,rel_amplitude_obliques,all,49,0.0
full_donut_period-full_amps-absolute,rel_amplitude_obliques,all,50,0.0
full_donut_period-full_amps-absolute,rel_amplitude_obliques,all,51,0.0
full_donut_period-full_amps-absolute,rel_amplitude_obliques,all,52,0.0
full_donut_period-full_amps-absolute,rel_amplitude_obliques,all,53,0.0
full_donut_period-full_amps-absolute,rel_amplitude_obliques,all,54,0.0
full_donut_period-full_amps-absolute,rel_amplitude_obliques,all,55,0.0
full_donut_period-full_amps-absolute,rel_amplitude_obliques,all,56,0.0
full_donut_period-full_amps-absolute,rel_amplitude_obliques,all,57,0.0
full_donut_period-full_amps-absolute,rel_amplitude_obliques,all,58,0.0
full_donut_period-full_amps-absolute,rel_amplitude_obliques,all,59,0.0
full_donut_period-full_amps-absolute,rel_amplitude_obliques,all,60,0.0
full_donut_period-full_amps-absolute,rel_amplitude_obliques,all,61,0.0
full_donut_period-full_amps-absolute,rel_amplitude_obliques,all,62,0.0
full_donut_period-full_amps-absolute,rel_amplitude_obliques,all,63,0.0
full_donut_period-full_amps-absolute,rel_amplitude_obliques,all,64,0.0
full_donut_period-full_amps-absolute,rel_amplitude_obliques,all,65,0.0
full_donut_period-full_amps-absolute,rel_amplitude_obliques,all,66,0.0
full_donut_period-full_amps-absolute,rel_amplitude_obliques,all,67,0.0
full_donut_period-full_amps-absolute,rel_amplitude_obliques,all,68,0.0
full_donut_period-full_amps-absolute,rel_amplitude_obliques,all,69,0.0
full_donut_period-full_amps-absolute,rel_amplitude_obliques,all,70,0.0
full_donut_period-full_amps-absolute,rel_amplitude_obliques,all,71,0.0
full_donut_period-full_amps-absolute,rel_amplitude_obliques,all,72,0.0
full_donut_period-full_amps-absolute,rel_amplitude_obliques,all,73,0.0
full_donut_period-full_amps-absolute,rel_amplitude_obliques,all,74,0.0
full_donut_period-full_amps-absolute,rel_amplitude_obliques,all,75,0.0
full_donut_period-full_amps-absolute,rel_amplitude_obliques,all,76,0.0
full_donut_period-full_amps-absolute,rel_amplitude_obliques,all,77,0.0
full_donut_period-full_amps-absolute,rel_amplitude_obliques,all,78,0.0
full_donut_period-full_amps-absolute,rel_amplitude_obliques,all,79,0.0
full_donut_period-full_amps-absolute,rel_amplitude_obliques,all,80,0.0
full_donut_period-full_amps-absolute,rel_amplitude_obliques,all,81,0.0
full_donut_period-full_amps-absolute,rel_amplitude_obliques,all,82,0.0
full_donut_period-full_amps-absolute,rel_amplitude_obliques,all,83,0.0
full_donut_period-full_amps-absolute,rel_amplitude_obliques,all,84,0.0
full_donut_period-full_amps-absolute,rel_amplitude_obliques,all,85,0.0
full_donut_period-full_amps-absolute,rel_amplitude_obliques,all,86,0.0
full_donut_period-full_amps-absolute,rel_amplitude_obliques,all,87,0.0
full_donut_period-full_amps-absolute,rel_amplitude_obliques,all,88,0.0
full_donut_period-full_amps-absolute,rel_amplitude_obliques,all,89,0.0
full_donut_period-full_amps-absolute,rel_amplitude_obliques,all,90,0.0
full_donut_period-full_amps-absolute,rel_amplitude_obliques,all,91,0.0
full_donut_period-full_amps-absolute,rel_amplitude_obliques,all,92,0.0
full_donut_period-full_amps-absolute,rel_amplitude_obliques,all,93,0.0
full_donut_period-full_amps-absolute,rel_amplitude_obliques,all,94,0.0
full_donut_period-full_amps-absolute,rel_amplitude_obliques,all,95,0.0
full_donut_period-full_amps-absolute,rel_amplitude_obliques,all,96,0.0
full_donut_period-full_amps-absolute,rel_amplitude_obliques,all,97,0.0
full_donut_period-full_amps-absolute,rel_amplitude_obliques,all,98,0.0
full_donut_period-full_amps-absolute,rel_amplitude_obliques,all,99,0.0
full_donut_period-full_amps-absolute,rel_mode_cardinals,all,0,0.07347942993977159
full_donut_period-full_amps-absolute,rel_mode_cardinals,all,1,0.03342111908281293
full_donut_period-full_amps-absolute,rel_mode_cardinals,all,2,0.13355382600359192
full_donut_period-full_amps-absolute,rel_mode_cardinals,all,3,0.10368797619182056
full_donut_period-full_amps-absolute,rel_mode_cardinals,all,4,0.04024699336692999
full_donut_period-full_amps-absolute,rel_mode_cardinals,all,5,0.0652667947094116
full_donut_period-full_amps-absolute,rel_mode_cardinals,all,6,0.10621839748017307
full_donut_period-full_amps-absolute,rel_mode_cardinals,all,7,0.0739177057363479
full_donut_period-full_amps-absolute,rel_mode_cardinals,all,8,0.04525013863908773
full_donut_period-full_amps-absolute,rel_mode_cardinals,all,9,0.0801096202407759
full_donut_period-full_amps-absolute,rel_mode_cardinals,all,10,0.037683086308584204
full_donut_period-full_amps-absolute,rel_mode_cardinals,all,11,0.09572233123816397
full_donut_period-full_amps-absolute,rel_mode_cardinals,all,12,0.07533506944637128
full_donut_period-full_amps-absolute,rel_mode_cardinals,all,13,0.029199564099670363
full_donut_period-full_amps-absolute,rel_mode_cardinals,all,14,0.13244960185179686
full_donut_period-full_amps-absolute,rel_mode_cardinals,all,15,0.12759202865934927
full_donut_period-full_amps-absolute,rel_mode_cardinals,all,16,0.08002212020601426
full_donut_period-full_amps-absolute,rel_mode_cardinals,all,17,0.09097329159074316
full_donut_period-full_amps-absolute,rel_mode_cardinals,all,18,0.10562786638130824
full_donut_period-full_amps-absolute,rel_mode_cardinals,all,19,0.1223909760116567
full_donut_period-full_amps-absolute,rel_mode_cardinals,all,20,0.05448963835589847
full_donut_period-full_amps-absolute,rel_mode_cardinals,all,21,0.10376379045307617
full_donut_period-full_amps-absolute,rel_mode_cardinals,all,22,0.07250661442730748
full_donut_period-full_amps-absolute,rel_mode_cardinals,all,23,0.06409485628508876
full_donut_period-full_amps-absolute,rel_mode_cardinals,all,24,0.031713104281718724
full_donut_period-full_amps-absolute,rel_mode_cardinals,all,25,0.0621330463813586
full_donut_period-full_amps-absolute,rel_mode_cardinals,all,26,0.04905365013275406
full_donut_period-full_amps-absolute,rel_mode_cardinals,all,27,0.06624459076312901
full_donut_period-full_amps-absolute,rel_mode_cardinals,all,28,0.03132417516383034
full_donut_period-full_amps-absolute,rel_mode_cardinals,all,29,0.09369634174107903
full_donut_period-full_amps-absolute,rel_mode_cardinals,all,30,0.09614292782288393
full_donut_period-full_amps-absolute,rel_mode_cardinals,all,31,0.09156873194097304
full_donut_period-full_amps-absolute,rel_mode_cardinals,all,32,0.11750611944587082
full_donut_period-full_amps-absolute,rel_mode_cardinals,all,33,0.08643751850249717
full_donut_period-full_amps-absolute,rel_mode_cardinals,all,34,0.11292891943301045
full_donut_period-full_amps-absolute,rel_mode_cardinals,all,35,0.06575531492265876
full_donut_period-full_amps-absolute,rel_mode_cardinals,all,36,0.09863743048395356
full_donut_period-full_amps-absolute,rel_mode_cardinals,all,37,0.10329483171706272
full_donut_period-full_amps-absolute,rel_mode_cardinals,all,38,0.11884465081533198
full_donut_period-full_amps-absolute,rel_mode_cardinals,all,39,0.12663022244474315
full_donut_period-full_amps-absolute,rel_mode_cardinals,all,40,0.07483488197529302
full_donut_period-full_amps-absolute,rel_mode_cardinals,all,41,0.11918254020002456
full_donut_period-full_amps-absolute,rel_mode_cardinals,all,42,0.1047241547262541
full_donut_period-full_amps-absolute,rel_mode_cardinals,all,43,0.04311322962571555
full_donut_period-full_amps-absolute,rel_mode_cardinals,all,44,0.05857692927506108
full_donut_period-full_amps-absolute,rel_mode_cardinals,all,45,0.06686110352383445
full_donut_period-full_amps-absolute,rel_mode_cardinals,all,46,0.10209947585248492
full_donut_period-full_amps-absolute,rel_mode_cardinals,all,47,0.05229919334097279
full_donut_period-full_amps-absolute,rel_mode_cardinals,all,48,0.0632528184885114
full_donut_period-full_amps-absolute,rel_mode_cardinals,all,49,0.030475933983721983
full_donut_period-full_amps-absolute,rel_mode_cardinals,all,50,0.06910981808883215
full_donut_period-full_amps-absolute,rel_mode_cardinals,all,51,0.06502900162969355
full_donut_period-full_amps-absolute,rel_mode_cardinals,all,52,0.11458535102582157
full_donut_period-full_amps-absolute,rel_mode_cardinals,all,53,0.04299069655973742
full_donut_period-full_amps-absolute,rel_mode_cardinals,all,54,0.06252747972407975
full_donut_period-full_amps-absolute,rel_mode_cardinals,all,55,0.1098626830211664
full_donut_period-full_amps-absolute,rel_mode_cardinals,all,56,0.054455287062387496
full_donut_period-full_amps-absolute,rel_mode_cardinals,all,57,0.06656964776722
full_donut_period-full_amps-absolute,rel_mode_cardinals,all,58,0.06620427140578278
full_donut_period-full_amps-absolute,rel_mode_cardinals,all,59,0.03946188001940999
full_donut_period-full_amps-absolute,rel_mode_cardinals,all,60,0.07272852490681482
full_donut_period-full_amps-absolute,rel_mode_cardinals,all,61,0.09696525910403657
full_donut_period-full_amps-absolute,rel_mode_cardinals,all,62,0.045698420117492033
full_donut_period-full_amps-absolute,rel_mode_cardinals,all,63,0.04814579701840455
full_donut_period-full_amps-absolute,rel_mode_cardinals,all,64,0.11337148336735113
full_donut_period-full_amps-absolute,rel_mode_cardinals,all,65,0.06709318008142053
full_donut_period-full_amps-absolute,rel_mode_cardinals,all,66,0.041062861195996336
full_donut_period-full_amps-absolute,rel_mode_cardinals,all,67,0.10374416305395248
full_donut_period-full_amps-absolute,rel_mode_cardinals,all,68,0.08287340958953399
full_donut_period-full_amps-absolute,rel_mode_cardinals,all,69,0.04700254373730597
full_donut_period-full_amps-absolute,rel_mode_cardinals,all,70,0.06518486032214157
full_donut_period-full_amps-absolute,rel_mode_cardinals,all,71,0.10561545936327753
full_donut_period-full_amps-absolute,rel_mode_cardinals,all,72,0.009860170111392123
full_donut_period-full_amps-absolute,rel_mode_cardinals,all,73,0.07512041150819637
full_donut_period-full_amps-absolute,rel_mode_cardinals,all,74,0.08208916126340192
full_donut_period-full_amps-absolute,rel_mode_cardinals,all,75,0.08078397318968934
full_donut_period-full_amps-absolute,rel_mode_cardinals,all,76,0.13439928170537624
full_donut_period-full_amps-absolute,rel_mode_cardinals,all,77,0.07387834217490268
full_donut_period-full_amps-absolute,rel_mode_cardinals,all,78,0.06609955901325025
full_donut_period-full_amps-absolute,rel_mode_cardinals,all,79,0.0813709429824127
full_donut_period-full_amps-absolute,rel_mode_cardinals,all,80,0.038745198495668376
full_donut_period-full_amps-absolute,rel_mode_cardinals,all,81,-0.007201724321575674
full_donut_period-full_amps-absolute,rel_mode_cardinals,all,82,0.009343861655691465
full_donut_period-full_amps-absolute,rel_mode_cardinals,all,83,0.05421837238104647
full_donut_period-full_amps-absolute,rel_mode_cardinals,all,84,0.16487352186741386
full_donut_period-full_amps-absolute,rel_mode_cardinals,all,85,0.060599000040432935
full_donut_period-full_amps-absolute,rel_mode_cardinals,all,86,0.0561243338645857
full_donut_period-full_amps-absolute,rel_mode_cardinals,all,87,0.06009273174877242
full_donut_period-full_amps-absolute,rel_mode_cardinals,all,88,0.06815293328514582
full_donut_period-full_amps-absolute,rel_mode_cardinals,all,89,0.11763554767369297
full_donut_period-full_amps-absolute,rel_mode_cardinals,all,90,0.053359831905734685
full_donut_period-full_amps-absolute,rel_mode_cardinals,all,91,0.021352245999116014
full_donut_period-full_amps-absolute,rel_mode_cardinals,all,92,0.07674648844499257
full_donut_period-full_amps-absolute,rel_mode_cardinals,all,93,0.05275361388296672
full_donut_period-full_amps-absolute,rel_mode_cardinals,all,94,0.09166011425634776
full_donut_period-full_amps-absolute,rel_mode_cardinals,all,95,0.08674009373538602
full_donut_period-full_amps-absolute,rel_mode_cardinals,all,96,0.13179557183853524
full_donut_period-full_amps-absolute,rel_mode_cardinals,all,97,0.1325441597395237
full_donut_period-full_amps-absolute,rel_mode_cardinals,all,98,0.08077772491385023
full_donut_period-full_amps-absolute,rel_mode_cardinals,all,99,0.035580422108283466
full_donut_period-full_amps-absolute,rel_mode_obliques,all,0,-0.0035883106772296174
full_donut_period-full_amps-absolute,rel_mode_obliques,all,1,-0.0020664899943793856
full_donut_period-full_amps-absolute,rel_mode_obliques,all,2,0.0054087898368743795
full_donut_period-full_amps-absolute,rel_mode_obliques,all,3,0.0017748926385822387
full_donut_period-full_amps-absolute,rel_mode_obliques,all,4,-0.010487473590085216
full_donut_period-full_amps-absolute,rel_mode_obliques,all,5,0.017206490968582525
full_donut_period-full_amps-absolute,rel_mode_obliques,all,6,0.004565451337897842
full_donut_period-full_amps-absolute,rel_mode_obliques,all,7,-0.003834767682957253
full_donut_period-full_amps-absolute,rel_mode_obliques,all,8,-0.003971264155643693
full_donut_period-full_amps-absolute,rel_mode_obliques,all,9,0.008115285426781516
full_donut_period-full_amps-absolute,rel_mode_obliques,all,10,0.017075431954663153
full_donut_period-full_amps-absolute,rel_mode_obliques,all,11,0.0006644271381656253
full_donut_period-full_amps-absolute,rel_mode_obliques,all,12,0.00831442884356462
full_donut_period-full_amps-absolute,rel_mode_obliques,all,13,0.0017176635151570428
full_donut_period-full_amps-absolute,rel_mode_obliques,all,14,0.004198037715665448
full_donut_period-full_amps-absolute,rel_mode_obliques,all,15,-0.010283436928401573
full_donut_period-full_amps-absolute,rel_mode_obliques,all,16,0.012054900126642102
full_donut_period-full_amps-absolute,rel_mode_obliques,all,17,0.011079101329523956
full_donut_period-full_amps-absolute,rel_mode_obliques,all,18,0.01288499779301461
full_donut_period-full_amps-absolute,rel_mode_obliques,all,19,-0.003895602443976425
full_donut_period-full_amps-absolute,rel_mode_obliques,all,20,0.02512816375592984
full_donut_period-full_amps-absolute,rel_mode_obliques,all,21,0.013742191362310727
full_donut_period-full_amps-absolute,rel_mode_obliques,all,22,0.0036229384042874547
full_donut_period-full_amps-absolute,rel_mode_obliques,all,23,0.019307547046708937
full_donut_period-full_amps-absolute,rel_mode_obliques,all,24,-0.007249078100684987
full_donut_period-full_amps-absolute,rel_mode_obliques,all,25,0.007803421800429584
full_donut_period-full_amps-absolute,rel_mode_obliques,all,26,0.006305153863095362
full_donut_period-full_amps-absolute,rel_mode_obliques,all,27,-0.0017747964418290657
full_donut_period-full_amps-absolute,rel_mode_obliques,all,28,-0.0004952024061251527
full_donut_period-full_amps-absolute,rel_mode_obliques,all,29,-0.012490690084605256
full_donut_period-full_amps-absolute,rel_mode_obliques,all,30,0.011683091047784935
full_donut_period-full_amps-absolute,rel_mode_obliques,all,31,0.015312101065981397
full_donut_period-full_amps-absolute,rel_mode_obliques,all,32,-0.006613161149804154
full_donut_period-full_amps-absolute,rel_mode_obliques,all,33,0.004081303245778256
full_donut_period-full_amps-absolute,rel_mode_obliques,all,34,0.003815214359644208
full_donut_period-full_amps-absolute,rel_mode_obliques,all,35,-0.01719642925867721
full_donut_period-full_amps-absolute,rel_mode_obliques,all,36,0.012237418743700944
full_donut_period-full_amps-absolute,rel_mode_obliques,all,37,0.011989147173977048
full_donut_period-full_amps-absolute,rel_mode_obliques,all,38,0.028210554786707805
full_donut_period-full_amps-absolute,rel_mode_obliques,all,39,0.015118377766436219
full_donut_period-full_amps-absolute,rel_mode_obliques,all,40,0.022545939487389317
full_donut_period-full_amps-absolute,rel_mode_obliques,all,41,0.024821202776233845
full_donut_period-full_amps-absolute,rel_mode_obliques,all,42,0.011034435359494818
full_donut_period-full_amps-absolute,rel_mode_obliques,all,43,-0.004771443108287789
full_donut_period-full_amps-absolute,rel_mode_obliques,all,44,-0.0023476716004163364
full_donut_period-full_amps-absolute,rel_mode_obliques,all,45,-0.0033031724764216834
full_donut_period-full_amps-absolute,rel_mode_obliques,all,46,-0.00340450228505728
full_donut_period-full_amps-absolute,rel_mode_obliques,all,47,0.00578977491861344
full_donut_period-full_amps-absolute,rel_mode_obliques,all,48,-0.00015795704235955683
full_donut_period-full_amps-absolute,rel_mode_obliques,all,49,-0.010198255874714035
full_donut_period-full_amps-absolute,rel_mode_obliques,all,50,0.01529725247887636
full_donut_period-full_amps-absolute,rel_mode_obliques,all,51,-0.0048444265416972675
full_donut_period-full_amps-absolute,rel_mode_obliques,all,52,0.002167048308880568
full_donut_period-full_amps-absolute,rel_mode_obliques,all,53,8.198821836094997e-05
full_donut_period-full_amps-absolute,rel_mode_obliques,all,54,0.0043894191345823135
full_donut_period-full_amps-absolute,rel_mode_obliques,all,55,0.006992170431956361
full_donut_period-full_amps-absolute,rel_mode_obliques,all,56,-0.0002789100459497501
full_donut_period-full_amps-absolute,rel_mode_obliques,all,57,0.032203423536647416
full_donut_period-full_amps-absolute,rel_mode_obliques,all,58,-0.0012947034547959224
full_donut_period-full_amps-absolute,rel_mode_obliques,all,59,-0.007751332036555318
full_donut_period-full_amps-absolute,rel_mode_obliques,all,60,0.012081727247630238
full_donut_period-full_amps-absolute,rel_mode_obliques,all,61,0.009827015623351159
full_donut_period-full_amps-absolute,rel_mode_obliques,all,62,0.01915506532576445
full_donut_period-full_amps-absolute,rel_mode_obliques,all,63,-0.010094301415721202
full_donut_period-full_amps-absolute,rel_mode_obliques,all,64,-0.004098839189323276
full_donut_period-full_amps-absolute,rel_mode_obliques,all,65,0.01195397855714956
full_donut_period-full_amps-absolute,rel_mode_obliques,all,66,-0.005537566920636079
full_donut_period-full_amps-absolute,rel_mode_obliques,all,67,-0.004901474205444895
full_donut_period-full_amps-absolute,rel_mode_obliques,all,68,0.016967276318811626
full_donut_period-full_amps-absolute,rel_mode_obliques,all,69,0.008141092410646011
full_donut_period-full_amps-absolute,rel_mode_obliques,all,70,0.0057531697228558176
full_donut_period-full_amps-absolute,rel_mode_obliques,all,71,0.009027077756742738
full_donut_period-full_amps-absolute,rel_mode_obliques,all,72,0.01223467349762109
full_donut_period-full_amps-absolute,rel_mode_obliques,all,73,-0.009415299228662485
full_donut_period-full_amps-absolute,rel_mode_obliques,all,74,0.023472804753318244
full_donut_period-full_amps-absolute,rel_mode_obliques,all,75,0.028197372758124523
full_donut_period-full_amps-absolute,rel_mode_obliques,all,76,0.0036810837411945774
full_donut_period-full_amps-absolute,rel_mode_obliques,all,77,-0.001637465890956092
full_donut_period-full_amps-absolute,rel_mode_obliques,all,78,0.004797443237885147
full_donut_period-full_amps-absolute,rel_mode_obliques,all,79,0.014269018177450606
full_donut_period-full_amps-absolute,rel_mode_obliques,all,80,0.0166407708897139
full_donut_period-full_amps-absolute,rel_mode_obliques,all,81,-0.004909522405216713
full_donut_period-full_amps-absolute,rel_mode_obliques,all,82,0.010780278754758937
full_donut_period-full_amps-absolute,rel_mode_obliques,all,83,-0.010667897588740856
full_donut_period-full_amps-absolute,rel_mode_obliques,all,84,0.009897875853774324
full_donut_period-full_amps-absolute,rel_mode_obliques,all,85,0.02710808426587364
full_donut_period-full_amps-absolute,rel_mode_obliques,all,86,0.013418808581761204
full_donut_period-full_amps-absolute,rel_mode_obliques,all,87,0.005161315626652923
full_donut_period-full_amps-absolute,rel_mode_obliques,all,88,-0.015953820253445494
full_donut_period-full_amps-absolute,rel_mode_obliques,all,89,0.014679964984683184
full_donut_period-full_amps-absolute,rel_mode_obliques,all,90,0.018159197788656743
full_donut_period-full_amps-absolute,rel_mode_obliques,all,91,-0.012674632479496305
full_donut_period-full_amps-absolute,rel_mode_obliques,all,92,-0.008728544322256929
full_donut_period-full_amps-absolute,rel_mode_obliques,all,93,0.008272641784376141
full_donut_period-full_amps-absolute,rel_mode_obliques,all,94,-0.0029494763997032557
full_donut_period-full_amps-absolute,rel_mode_obliques,all,95,0.0056760492173034225
full_donut_period-full_amps-absolute,rel_mode_obliques,all,96,-0.008425655520393009
full_donut_period-full_amps-absolute,rel_mode_obliques,all,97,0.004538293792165745
full_donut_period-full_amps-absolute,rel_mode_obliques,all,98,0.002245705335128665
full_donut_period-full_amps-absolute,rel_mode_obliques,all,99,-0.002377628467043054
full_donut_period-full_amps-absolute,sf_ecc_intercept,all,0,0.32619540895028026
full_donut_period-full_amps-absolute,sf_ecc_intercept,all,1,0.36311316873292027
full_donut_period-full_amps-absolute,sf_ecc_intercept,all,2,0.4213858986738677
full_donut_period-full_amps-absolute,sf_ecc_intercept,all,3,0.2999356865508827
full_donut_period-full_amps-absolute,sf_ecc_intercept,all,4,0.3800703690864109
full_donut_period-full_amps-absolute,sf_ecc_intercept,all,5,0.3373335388047856
full_donut_period-full_amps-absolute,sf_ecc_intercept,all,6,0.3257704942155929
full_donut_period-full_amps-absolute,sf_ecc_intercept,all,7,0.4098633993279146
full_donut_period-full_amps-absolute,sf_ecc_intercept,all,8,0.3018476468579364
full_donut_period-full_amps-absolute,sf_ecc_intercept,all,9,0.3608913331472275
full_donut_period-full_amps-absolute,sf_ecc_intercept,all,10,0.27308854715212544
full_donut_period-full_amps-absolute,sf_ecc_intercept,all,11,0.3556511944687205
full_donut_period-full_amps-absolute,sf_ecc_intercept,all,12,0.3259342975047995
full_donut_period-full_amps-absolute,sf_ecc_intercept,all,13,0.3014615603877657
full_donut_period-full_amps-absolute,sf_ecc_intercept,all,14,0.3136841777488697
full_donut_period-full_amps-absolute,sf_ecc_intercept,all,15,0.369804830578442
full_donut_period-full_amps-absolute,sf_ecc_intercept,all,16,0.30463224848410303
full_donut_period-full_amps-absolute,sf_ecc_intercept,all,17,0.4020629808139649
full_donut_period-full_amps-absolute,sf_ecc_intercept,all,18,0.3532109231119684
full_donut_period-full_amps-absolute,sf_ecc_intercept,all,19,0.3247903206391599
full_donut_period-full_amps-absolute,sf_ecc_intercept,all,20,0.2751319058330096
full_donut_period-full_amps-absolute,sf_ecc_intercept,all,21,0.3038674691072729
full_donut_period-full_amps-absolute,sf_ecc_intercept,all,22,0.3672874930207611
full_donut_period-full_amps-absolute,sf_ecc_intercept,all,23,0.3324728835719153
full_donut_period-full_amps-absolute,sf_ecc_intercept,all,24,0.3526819884295798
full_donut_period-full_amps-absolute,sf_ecc_intercept,all,25,0.3172390078986045
full_donut_period-full_amps-absolute,sf_ecc_intercept,all,26,0.446594849088564
full_donut_period-full_amps-absolute,sf_ecc_intercept,all,27,0.3241825517827357
full_donut_period-full_amps-absolute,sf_ecc_intercept,all,28,0.4177457519739419
full_donut_period-full_amps-absolute,sf_ecc_intercept,all,29,0.4273069906002746
full_donut_period-full_amps-absolute,sf_ecc_intercept,all,30,0.30729099745875377
full_donut_period-full_amps-absolute,sf_ecc_intercept,all,31,0.2961803811372061
full_donut_period-full_amps-absolute,sf_ecc_intercept,all,32,0.3272944368841528
full_donut_period-full_amps-absolute,sf_ecc_intercept,all,33,0.3583359418854076
full_donut_period-full_amps-absolute,sf_ecc_intercept,all,34,0.3608426379977171
full_donut_period-full_amps-absolute,sf_ecc_intercept,all,35,0.35550169090709194
full_donut_period-full_amps-absolute,sf_ecc_intercept,all,36,0.3343825971301321
full_donut_period-full_amps-absolute,sf_ecc_intercept,all,37,0.3689819529573974
full_donut_period-full_amps-absolute,sf_ecc_intercept,all,38,0.3600464746871298
full_donut_period-full_amps-absolute,sf_ecc_intercept,all,39,0.430048823684125
full_donut_period-full_amps-absolute,sf_ecc_intercept,all,40,0.4367739387050955
full_donut_period-full_amps-absolute,sf_ecc_intercept,all,41,0.438553117490312
full_donut_period-full_amps-absolute,sf_ecc_intercept,all,42,0.2979109066195641
full_donut_period-full_amps-absolute,sf_ecc_intercept,all,43,0.4314701023940392
full_donut_period-full_amps-absolute,sf_ecc_intercept,all,44,0.27917814992393425
full_donut_period-full_amps-absolute,sf_ecc_intercept,all,45,0.3331447540155525
full_donut_period-full_amps-absolute,sf_ecc_intercept,all,46,0.3915331351537741
full_donut_period-full_amps-absolute,sf_ecc_intercept,all,47,0.34803213640079017
full_donut_period-full_amps-absolute,sf_ecc_intercept,all,48,0.35922005866911755
full_donut_period-full_amps-absolute,sf_ecc_intercept,all,49,0.2939132902150825
full_donut_period-full_amps-absolute,sf_ecc_intercept,all,50,0.3884108011371165
full_donut_period-full_amps-absolute,sf_ecc_intercept,all,51,0.3124403060571438
full_donut_period-full_amps-absolute,sf_ecc_intercept,all,52,0.3831196607535526
full_donut_period-full_amps-absolute,sf_ecc_intercept,all,53,0.3608821166575455
full_donut_period-full_amps-absolute,sf_ecc_intercept,all,54,0.31908273528080616
full_donut_period-full_amps-absolute,sf_ecc_intercept,all,55,0.4002100872853807
full_donut_period-full_amps-absolute,sf_ecc_intercept,all,56,0.3233983745303284
full_donut_period-full_amps-absolute,sf_ecc_intercept,all,57,0.36267492514843397
full_donut_period-full_amps-absolute,sf_ecc_intercept,all,58,0.3256315941233969
full_donut_period-full_amps-absolute,sf_ecc_intercept,all,59,0.3243046184197411
full_donut_period-full_amps-absolute,sf_ecc_intercept,all,60,0.3635231260160057
full_donut_period-full_amps-absolute,sf_ecc_intercept,all,61,0.36584312435062427
full_donut_period-full_amps-absolute,sf_ecc_intercept,all,62,0.32907957639066765
full_donut_period-full_amps-absolute,sf_ecc_intercept,all,63,0.3808068974299497
full_donut_period-full_amps-absolute,sf_ecc_intercept,all,64,0.3742198260494641
full_donut_period-full_amps-absolute,sf_ecc_intercept,all,65,0.4011577740082429
full_donut_period-full_amps-absolute,sf_ecc_intercept,all,66,0.2887980983110515
full_donut_period-full_amps-absolute,sf_ecc_intercept,all,67,0.34234744156400604
full_donut_period-full_amps-absolute,sf_ecc_intercept,all,68,0.3446659549584612
full_donut_period-full_amps-absolute,sf_ecc_intercept,all,69,0.2686557592606993
full_donut_period-full_amps-absolute,sf_ecc_intercept,all,70,0.3770102304023799
full_donut_period-full_amps-absolute,sf_ecc_intercept,all,71,0.29117865632682033
full_donut_period-full_amps-absolute,sf_ecc_intercept,all,72,0.4675059890647517
full_donut_period-full_amps-absolute,sf_ecc_intercept,all,73,0.3885544238947704
full_donut_period-full_amps-absolute,sf_ecc_intercept,all,74,0.3949287999619091
full_donut_period-full_amps-absolute,sf_ecc_intercept,all,75,0.3804413690174141
full_donut_period-full_amps-absolute,sf_ecc_intercept,all,76,0.30764518701562754
full_donut_period-full_amps-absolute,sf_ecc_intercept,all,77,0.5145756086175708
full_donut_period-full_amps-absolute,sf_ecc_intercept,all,78,0.29948693849574193
full_donut_period-full_amps-absolute,sf_ecc_intercept,all,79,0.3532339129932651
full_donut_period-full_amps-absolute,sf_ecc_intercept,all,80,0.3264268749443426
full_donut_period-full_amps-absolute,sf_ecc_intercept,all,81,0.2493730023938256
full_donut_period-full_amps-absolute,sf_ecc_intercept,all,82,0.3187215227738999
full_donut_period-full_amps-absolute,sf_ecc_intercept,all,83,0.26804349610140266
full_donut_period-full_amps-absolute,sf_ecc_intercept,all,84,0.3915939958505137
full_donut_period-full_amps-absolute,sf_ecc_intercept,all,85,0.3283784953060958
full_donut_period-full_amps-absolute,sf_ecc_intercept,all,86,0.3438885223961952
full_donut_period-full_amps-absolute,sf_ecc_intercept,all,87,0.3526256449196831
full_donut_period-full_amps-absolute,sf_ecc_intercept,all,88,0.36943915866639737
full_donut_period-full_amps-absolute,sf_ecc_intercept,all,89,0.3506405303358375
full_donut_period-full_amps-absolute,sf_ecc_intercept,all,90,0.37937476960566296
full_donut_period-full_amps-absolute,sf_ecc_intercept,all,91,0.3442395171683188
full_donut_period-full_amps-absolute,sf_ecc_intercept,all,92,0.3007781556349016
full_donut_period-full_amps-absolute,sf_ecc_intercept,all,93,0.3572094769511291
full_donut_period-full_amps-absolute,sf_ecc_intercept,all,94,0.32745932963680696
full_donut_period-full_amps-absolute,sf_ecc_intercept,all,95,0.2945822159939956
full_donut_period-full_amps-absolute,sf_ecc_intercept,all,96,0.30555496359293444
full_donut_period-full_amps-absolute,sf_ecc_intercept,all,97,0.4061782771152289
full_donut_period-full_amps-absolute,sf_ecc_intercept,all,98,0.31454505188686416
full_donut_period-full_amps-absolute,sf_ecc_intercept,all,99,0.3611021675904783
full_donut_period-full_amps-absolute,sf_ecc_slope,all,0,0.12876709471478925
full_donut_period-full_amps-absolute,sf_ecc_slope,all,1,0.12726629348727173
full_donut_period-full_amps-absolute,sf_ecc_slope,all,2,0.10140018773818196
full_donut_period-full_amps-absolute,sf_ecc_slope,all,3,0.10013972210655472
full_donut_period-full_amps-absolute,sf_ecc_slope,all,4,0.12217450145765893
full_donut_period-full_amps-absolute,sf_ecc_slope,all,5,0.08805680380801989
full_donut_period-full_amps-absolute,sf_ecc_slope,all,6,0.14872959494501936
full_donut_period-full_amps-absolute,sf_ecc_slope,all,7,0.1369523502174722
full_donut_period-full_amps-absolute,sf_ecc_slope,all,8,0.10500269829272076
full_donut_period-full_amps-absolute,sf_ecc_slope,all,9,0.10244935164657903
full_donut_period-full_amps-absolute,sf_ecc_slope,all,10,0.11961560511982225
full_donut_period-full_amps-absolute,sf_ecc_slope,all,11,0.12822892704638295
full_donut_period-full_amps-absolute,sf_ecc_slope,all,12,0.12577576566858767
full_donut_period-full_amps-absolute,sf_ecc_slope,all,13,0.09440312764668718
full_donut_period-full_amps-absolute,sf_ecc_slope,all,14,0.09461094420223748
full_donut_period-full_amps-absolute,sf_ecc_slope,all,15,0.11772715185735992
full_donut_period-full_amps-absolute,sf_ecc_slope,all,16,0.0791771773622184
full_donut_period-full_amps-absolute,sf_ecc_slope,all,17,0.13600573749221676
full_donut_period-full_amps-absolute,sf_ecc_slope,all,18,0.122996051914356
full_donut_period-full_amps-absolute,sf_ecc_slope,all,19,0.1494213795167715
full_donut_period-full_amps-absolute,sf_ecc_slope,all,20,0.12710071343003992
full_donut_period-full_amps-absolute,sf_ecc_slope,all,21,0.11946126657301084
full_donut_period-full_amps-absolute,sf_ecc_slope,all,22,0.13024318455588246
full_donut_period-full_amps-absolute,sf_ecc_slope,all,23,0.11441675863595327
full_donut_period-full_amps-absolute,sf_ecc_slope,all,24,0.09904583835273592
full_donut_period-full_amps-absolute,sf_ecc_slope,all,25,0.11275957116689116
full_donut_period-full_amps-absolute,sf_ecc_slope,all,26,0.10967559542341056
full_donut_period-full_amps-absolute,sf_ecc_slope,all,27,0.12520707584446147
full_donut_period-full_amps-absolute,sf_ecc_slope,all,28,0.09604894862434156
full_donut_period-full_amps-absolute,sf_ecc_slope,all,29,0.10221164085288854
full_donut_period-full_amps-absolute,sf_ecc_slope,all,30,0.11410301084605601
full_donut_period-full_amps-absolute,sf_ecc_slope,all,31,0.12729868286544055
full_donut_period-full_amps-absolute,sf_ecc_slope,all,32,0.11387742328202467
full_donut_period-full_amps-absolute,sf_ecc_slope,all,33,0.11250561279854153
full_donut_period-full_amps-absolute,sf_ecc_slope,all,34,0.10520989595639146
full_donut_period-full_amps-absolute,sf_ecc_slope,all,35,0.1110048719101642
full_donut_period-full_amps-absolute,sf_ecc_slope,all,36,0.11607799049297075
full_donut_period-full_amps-absolute,sf_ecc_slope,all,37,0.1360931016951347
full_donut_period-full_amps-absolute,sf_ecc_slope,all,38,0.0956557542895021
full_donut_period-full_amps-absolute,sf_ecc_slope,all,39,0.11616089102331376
full_donut_period-full_amps-absolute,sf_ecc_slope,all,40,0.11194131972234307
full_donut_period-full_amps-absolute,sf_ecc_slope,all,41,0.10591727656319164
full_donut_period-full_amps-absolute,sf_ecc_slope,all,42,0.12784968955773202
full_donut_period-full_amps-absolute,sf_ecc_slope,all,43,0.12791122554682385
full_donut_period-full_amps-absolute,sf_ecc_slope,all,44,0.11678805549085015
full_donut_period-full_amps-absolute,sf_ecc_slope,all,45,0.10878109971281072
full_donut_period-full_amps-absolute,sf_ecc_slope,all,46,0.1123666675440709
full_donut_period-full_amps-absolute,sf_ecc_slope,all,47,0.15339716441238682
full_donut_period-full_amps-absolute,sf_ecc_slope,all,48,0.13175463632700193
full_donut_period-full_amps-absolute,sf_ecc_slope,all,49,0.1397536437617198
full_donut_period-full_amps-absolute,sf_ecc_slope,all,50,0.10577175427317766
full_donut_period-full_amps-absolute,sf_ecc_slope,all,51,0.11860558567769353
full_donut_period-full_amps-absolute,sf_ecc_slope,all,52,0.14140930124463466
full_donut_period-full_amps-absolute,sf_ecc_slope,all,53,0.11477787243838893
full_donut_period-full_amps-absolute,sf_ecc_slope,all,54,0.1330387873510244
full_donut_period-full_amps-absolute,sf_ecc_slope,all,55,0.14359312509034328
full_donut_period-full_amps-absolute,sf_ecc_slope,all,56,0.11918072195762495
full_donut_period-full_amps-absolute,sf_ecc_slope,all,57,0.10737197624700756
full_donut_period-full_amps-absolute,sf_ecc_slope,all,58,0.12138847814648207
full_donut_period-full_amps-absolute,sf_ecc_slope,all,59,0.11542913153139515
full_donut_period-full_amps-absolute,sf_ecc_slope,all,60,0.13517575078031605
full_donut_period-full_amps-absolute,sf_ecc_slope,all,61,0.10194113769258976
full_donut_period-full_amps-absolute,sf_ecc_slope,all,62,0.10315001799350446
full_donut_period-full_amps-absolute,sf_ecc_slope,all,63,0.12427326164280778
full_donut_period-full_amps-absolute,sf_ecc_slope,all,64,0.1416516200925612
full_donut_period-full_amps-absolute,sf_ecc_slope,all,65,0.12763226108933767
full_donut_period-full_amps-absolute,sf_ecc_slope,all,66,0.14680312330719594
full_donut_period-full_amps-absolute,sf_ecc_slope,all,67,0.13046737434401914
full_donut_period-full_amps-absolute,sf_ecc_slope,all,68,0.11585670702160948
full_donut_period-full_amps-absolute,sf_ecc_slope,all,69,0.11539109663936305
full_donut_period-full_amps-absolute,sf_ecc_slope,all,70,0.13844977126153826
full_donut_period-full_amps-absolute,sf_ecc_slope,all,71,0.1217174339661294
full_donut_period-full_amps-absolute,sf_ecc_slope,all,72,0.104624710253481
full_donut_period-full_amps-absolute,sf_ecc_slope,all,73,0.13992609996958807
full_donut_period-full_amps-absolute,sf_ecc_slope,all,74,0.1356572809287586
full_donut_period-full_amps-absolute,sf_ecc_slope,all,75,0.10102718393413668
full_donut_period-full_amps-absolute,sf_ecc_slope,all,76,0.1329612974812002
full_donut_period-full_amps-absolute,sf_ecc_slope,all,77,0.10028477933591644
full_donut_period-full_amps-absolute,sf_ecc_slope,all,78,0.13468258925355098
full_donut_period-full_amps-absolute,sf_ecc_slope,all,79,0.12647300609753387
full_donut_period-full_amps-absolute,sf_ecc_slope,all,80,0.12194081524279288
full_donut_period-full_amps-absolute,sf_ecc_slope,all,81,0.13296597807287291
full_donut_period-full_amps-absolute,sf_ecc_slope,all,82,0.1445910964960398
full_donut_period-full_amps-absolute,sf_ecc_slope,all,83,0.09837910820771936
full_donut_period-full_amps-absolute,sf_ecc_slope,all,84,0.13454849356146004
full_donut_period-full_amps-absolute,sf_ecc_slope,all,85,0.10452347592991416
full_donut_period-full_amps-absolute,sf_ecc_slope,all,86,0.12593327162952958
full_donut_period-full_amps-absolute,sf_ecc_slope,all,87,0.11868948313944055
full_donut_period-full_amps-absolute,sf_ecc_slope,all,88,0.1232666941689318
full_donut_period-full_amps-absolute,sf_ecc_slope,all,89,0.12217912816521763
full_donut_period-full_amps-absolute,sf_ecc_slope,all,90,0.11652174732610356
full_donut_period-full_amps-absolute,sf_ecc_slope,all,91,0.0967183591523232
full_donut_period-full_amps-absolute,sf_ecc_slope,all,92,0.11153149861862632
full_donut_period-full_amps-absolute,sf_ecc_slope,all,93,0.11518466984844207
full_donut_period-full_amps-absolute,sf_ecc_slope,all,94,0.1114763987190882
full_donut_period-full_amps-absolute,sf_ecc_slope,all,95,0.14050712071045807
full_donut_period-full_amps-absolute,sf_ecc_slope,all,96,0.12528966463096608
full_donut_period-full_amps-absolute,sf_ecc_slope,all,97,0.1327944602922876
full_donut_period-full_amps-absolute,sf_ecc_slope,all,98,0.14045950945699456
full_donut_period-full_amps-absolute,sf_ecc_slope,all,99,0.10202479868555793
full_donut_period-full_amps-absolute,sigma,all,0,2.1435785225540696
full_donut_period-full_amps-absolute,sigma,all,1,2.1561226966444638
full_donut_period-full_amps-absolute,sigma,all,2,2.2004466857828007
full_donut_period-full_amps-absolute,sigma,all,3,2.174284671059879
full_donut_period-full_amps-absolute,sigma,all,4,2.031550297505968
full_donut_period-full_amps-absolute,sigma,all,5,2.190423206995264
full_donut_period-full_amps-absolute,sigma,all,6,2.05143238612562
full_donut_period-full_amps-absolute,sigma,all,7,2.0282758383476067
full_donut_period-full_amps-absolute,sigma,all,8,2.181568204509511
full_donut_period-full_amps-absolute,sigma,all,9,2.130839866520086
full_donut_period-full_amps-absolute,sigma,all,10,2.0025435605941193
full_donut_period-full_amps-absolute,sigma,all,11,2.312860545258552
full_donut_period-full_amps-absolute,sigma,all,12,2.1724487296723147
full_donut_period-full_amps-absolute,sigma,all,13,2.323425382036941
full_donut_period-full_amps-absolute,sigma,all,14,2.156600641682324
full_donut_period-full_amps-absolute,sigma,all,15,2.100869713330093
full_donut_period-full_amps-absolute,sigma,all,16,2.1374723605983235
full_donut_period-full_amps-absolute,sigma,all,17,2.2245070819399166
full_donut_period-full_amps-absolute,sigma,all,18,2.224975056273609
full_donut_period-full_amps-absolute,sigma,all,19,2.394248158634744
full_donut_period-full_amps-absolute,sigma,all,20,2.138445938612638
full_donut_period-full_amps-absolute,sigma,all,21,2.159391978621449
full_donut_period-full_amps-absolute,sigma,all,22,2.295692539235957
full_donut_period-full_amps-absolute,sigma,all,23,2.2291465402295234
full_donut_period-full_amps-absolute,sigma,all,24,2.313234252264171
full_donut_period-full_amps-absolute,sigma,all,25,2.2425939603132425
full_donut_period-full_amps-absolute,sigma,all,26,2.2011121763009456
full_donut_period-full_amps-absolute,sigma,all,27,2.294014719071826
full_donut_period-full_amps-absolute,sigma,all,28,2.2714445543364725
full_donut_period-full_amps-absolute,sigma,all,29,2.127938482907354
full_donut_period-full_amps-absolute,sigma,all,30,2.3193808170448618
full_donut_period-full_amps-absolute,sigma,all,31,2.1227044165545577
full_donut_period-full_amps-absolute,sigma,all,32,2.058240010836364
full_donut_period-full_amps-absolute,sigma,all,33,2.045692687923565
full_donut_period-full_amps-absolute,sigma,all,34,2.0964594645803283
full_donut_period-full_amps-absolute,sigma,all,35,2.1334405695807743
full_donut_period-full_amps-absolute,sigma,all,36,2.236019167442718
full_donut_period-full_amps-absolute,sigma,all,37,2.076598551916743
full_donut_period-full_amps-absolute,sigma,all,38,2.0221862071539083
full_donut_period-full_amps-absolute,sigma,all,39,2.3107573950137605
full_donut_period-full_amps-absolute,sigma,all,40,2.3302459654875776
full_donut_period-full_amps-absolute,sigma,all,41,2.0643487882236315
full_donut_period-full_amps-absolute,sigma,all,42,2.1176171327629647
full_donut_period-full_amps-absolute,sigma,all,43,2.1598357714430727
full_donut_period-full_amps-absolute,sigma,all,44,2.1661119971314675
full_donut_period-full_amps-absolute,sigma,all,45,2.2713679410341
full_donut_period-full_amps-absolute,sigma,all,46,2.0088840832985047
full_donut_period-full_amps-absolute,sigma,all,47,2.099311252153913
full_donut_period-full_amps-absolute,sigma,all,48,2.119168982718519
full_donut_period-full_amps-absolute,sigma,all,49,2.3012722427000423
full_donut_period-full_amps-absolute,sigma,all,50,2.0919381756438096
full_donut_period-full_amps-absolute,sigma,all,51,2.0807003340222647
full_donut_period-full_amps-absolute,sigma,all,52,2.156049552024818
full_donut_period-full_amps-absolute,sigma,all,53,2.191674795772424
full_donut_period-full_amps-absolute,sigma,all,54,2.183254374403561
full_donut_period-full_amps-absolute,sigma,all,55,2.1544295328122645
full_donut_period-full_amps-absolute,sigma,all,56,2.1113459667171304
full_donut_period-full_amps-absolute,sigma,all,57,2.1545436601343586
full_donut_period-full_amps-absolute,sigma,all,58,2.2049006584235715
full_donut_period-full_amps-absolute,sigma,all,59,1.9932853442205571
full_donut_period-full_amps-absolute,sigma,all,60,2.216586793709921
full_donut_period-full_amps-absolute,sigma,all,61,2.10035624917596
full_donut_period-full_amps-absolute,sigma,all,62,2.0050580519977577
full_donut_period-full_amps-absolute,sigma,all,63,2.001066478532952
full_donut_period-full_amps-absolute,sigma,all,64,2.226941839046081
full_donut_period-full_amps-absolute,sigma,all,65,2.268153615861813
full_donut_period-full_amps-absolute,sigma,all,66,2.052196806478064
full_donut_period-full_amps-absolute,sigma,all,67,2.185096379663068
full_donut_period-full_amps-absolute,sigma,all,68,1.9796997699686631
full_donut_period-full_amps-absolute,sigma,all,69,1.9462543747534728
full_donut_period-full_amps-absolute,sigma,all,70,2.1821585183319296
full_donut_period-full_amps-absolute,sigma,all,71,2.4218381716753243
full_donut_period-full_amps-absolute,sigma,all,72,2.2622759832517967
full_donut_period-full_amps-absolute,sigma,all,73,2.2689879532098445
full_donut_period-full_amps-absolute,sigma,all,74,2.2076445965878064
full_donut_period-full_amps-absolute,sigma,all,75,2.1543379329012797
full_donut_period-full_amps-absolute,sigma,all,76,2.174949326978413
full_donut_period-full_amps-absolute,sigma,all,77,2.217023531073567
full_donut_period-full_amps-absolute,sigma,all,78,2.124382253983367
full_donut_period-full_amps-absolute,sigma,all,79,2.083298014853684
full_donut_period-full_amps-absolute,sigma,all,80,2.1775368856090167
full_donut_period-full_amps-absolute,sigma,all,81,2.0729413904264953
full_donut_period-full_amps-absolute,sigma,all,82,2.139392618768716
full_donut_period-full_amps-absolute,sigma,all,83,2.1407600177960484
full_donut_period-full_amps-absolute,sigma,all,84,2.0051355449217225
full_donut_period-full_amps-absolute,sigma,all,85,2.39442196712917
full_donut_period-full_amps-absolute,sigma,all,86,2.0565977010093985
full_donut_period-full_amps-absolute,sigma,all,87,2.0266342480740716
full_donut_period-full_amps-absolute,sigma,all,88,2.2909428517317525
full_donut_period-full_amps-absolute,sigma,all,89,2.1026905002012626
full_donut_period-full_amps-absolute,sigma,all,90,2.0942624123600404
full_donut_period-full_amps-absolute,sigma,all,91,2.020631850533268
full_donut_period-full_amps-absolute,sigma,all,92,2.0959896703699856
full_donut_period-full_amps-absolute,sigma,all,93,2.123561761418016
full_donut_period-full_amps-absolute,sigma,all,94,2.014614104700485
full_donut_period-full_amps-absolute,sigma,all,95,2.0437469504903394
full_donut_period-full_amps-absolute,sigma,all,96,2.189339918979086
full_donut_period-full_amps-absolute,sigma,all,97,2.147865753573463
full_donut_period-full_amps-absolute,sigma,all,98,2.293944934330675
full_donut_period-full_amps-absolute,sigma,all,99,2.2287517427418417
